"","ID_OPERATION","PARAM1","PARAM2","PARAM3","Label","predictions"
"1",1475808110,TRUE,FALSE,FALSE,"0","0"
"2",1475535168,TRUE,FALSE,FALSE,"0","0"
"3",4372185371,TRUE,FALSE,FALSE,"0","0"
"4",4515816779,TRUE,FALSE,FALSE,"0","0"
"5",4307953222,TRUE,FALSE,FALSE,"0","0"
"6",4234445083,TRUE,FALSE,FALSE,"0","0"
"7",4175257989,TRUE,FALSE,FALSE,"0","0"
"8",8379091400,TRUE,FALSE,FALSE,"0","0"
"9",4325445235,TRUE,FALSE,FALSE,"0","0"
"10",9792742553,TRUE,FALSE,FALSE,"0","0"
"11",9217440794,TRUE,FALSE,FALSE,"0","0"
"12",4990120550,TRUE,FALSE,FALSE,"0","0"
"13",8819415511,TRUE,FALSE,FALSE,"0","0"
"14",4431581005,TRUE,FALSE,FALSE,"0","0"
"15",8067229269,TRUE,FALSE,FALSE,"0","0"
"16",1014168475,TRUE,FALSE,FALSE,"0","0"
"17",10144271212,TRUE,FALSE,FALSE,"0","0"
"18",4272808158,TRUE,FALSE,FALSE,"0","0"
"19",3765772914,TRUE,FALSE,FALSE,"0","0"
"20",1521990420,TRUE,FALSE,FALSE,"0","0"
"21",9496226898,TRUE,FALSE,FALSE,"0","0"
"22",8503655869,TRUE,FALSE,FALSE,"0","0"
"23",5401335471,TRUE,FALSE,FALSE,"0","0"
"24",8253882186,TRUE,TRUE,FALSE,"0","0"
"25",8346283302,TRUE,FALSE,FALSE,"0","0"
"26",8967781726,TRUE,FALSE,FALSE,"0","0"
"27",7896689109,TRUE,FALSE,FALSE,"0","0"
"28",9842260907,TRUE,FALSE,FALSE,"0","0"
"29",8105027774,TRUE,FALSE,FALSE,"0","0"
"30",1254422250,TRUE,FALSE,FALSE,"0","0"
"31",9787511610,TRUE,FALSE,FALSE,"0","0"
"32",10814593389,TRUE,FALSE,FALSE,"0","0"
"33",302101028,TRUE,FALSE,FALSE,"0","0"
"34",4338042762,TRUE,FALSE,FALSE,"0","0"
"35",1315127294,TRUE,FALSE,FALSE,"0","0"
"36",4535692739,TRUE,FALSE,FALSE,"0","0"
"37",8564220824,TRUE,FALSE,FALSE,"0","0"
"38",4440791943,TRUE,FALSE,FALSE,"0","0"
"39",8827737593,TRUE,FALSE,FALSE,"0","0"
"40",7898880977,TRUE,FALSE,FALSE,"0","0"
"41",3362587566,TRUE,FALSE,FALSE,"0","0"
"42",9184268555,TRUE,FALSE,FALSE,"0","0"
"43",7857482077,TRUE,FALSE,FALSE,"0","0"
"44",8399821423,TRUE,FALSE,FALSE,"0","0"
"45",8882451869,TRUE,FALSE,FALSE,"0","0"
"46",9742407701,TRUE,FALSE,FALSE,"0","0"
"47",4128126036,TRUE,FALSE,FALSE,"0","0"
"48",8786976675,TRUE,FALSE,FALSE,"0","0"
"49",10562485187,TRUE,FALSE,FALSE,"0","0"
"50",5541252021,TRUE,FALSE,FALSE,"0","0"
"51",10519583502,TRUE,FALSE,FALSE,"0","0"
"52",4326104601,TRUE,FALSE,FALSE,"0","0"
"53",4017389083,TRUE,FALSE,FALSE,"0","0"
"54",8336592838,TRUE,FALSE,FALSE,"0","0"
"55",9750430207,TRUE,FALSE,FALSE,"0","0"
"56",8434160890,TRUE,FALSE,FALSE,"0","0"
"57",721236891,TRUE,FALSE,FALSE,"0","0"
"58",3633593137,TRUE,FALSE,FALSE,"0","0"
"59",9249674538,TRUE,FALSE,FALSE,"0","0"
"60",3992876463,TRUE,FALSE,FALSE,"0","0"
"61",3706547380,TRUE,FALSE,FALSE,"0","0"
"62",4350565818,TRUE,FALSE,FALSE,"0","0"
"63",10988097841,TRUE,FALSE,FALSE,"0","0"
"64",11413913787,TRUE,FALSE,FALSE,"0","0"
"65",9860104551,TRUE,FALSE,FALSE,"0","0"
"66",8215582082,TRUE,FALSE,FALSE,"0","0"
"67",5756726272,TRUE,FALSE,FALSE,"0","0"
"68",8819207251,TRUE,FALSE,FALSE,"0","0"
"69",9986845125,TRUE,FALSE,FALSE,"0","0"
"70",9255440448,TRUE,FALSE,FALSE,"0","0"
"71",11202939095,TRUE,FALSE,FALSE,"0","0"
"72",4305312335,TRUE,FALSE,FALSE,"0","0"
"73",10135846876,TRUE,TRUE,FALSE,"0","0"
"74",10511057845,TRUE,FALSE,FALSE,"0","0"
"75",3655931126,TRUE,FALSE,FALSE,"0","0"
"76",9424948717,TRUE,FALSE,FALSE,"0","0"
"77",1446514602,TRUE,FALSE,FALSE,"0","0"
"78",10587483890,TRUE,FALSE,FALSE,"0","0"
"79",9784879140,TRUE,FALSE,FALSE,"0","0"
"80",1641021101,TRUE,FALSE,FALSE,"0","0"
"81",9255779966,TRUE,FALSE,FALSE,"0","0"
"82",9716083056,TRUE,FALSE,FALSE,"0","0"
"83",9244621067,TRUE,FALSE,FALSE,"0","0"
"84",10494697607,TRUE,FALSE,FALSE,"0","0"
"85",9330681115,TRUE,FALSE,FALSE,"0","0"
"86",11329822425,TRUE,FALSE,FALSE,"0","0"
"87",3685236813,TRUE,FALSE,FALSE,"0","0"
"88",1051961149,TRUE,FALSE,FALSE,"0","0"
"89",8379923082,TRUE,FALSE,FALSE,"0","0"
"90",4271209976,TRUE,FALSE,FALSE,"0","0"
"91",3313041301,TRUE,FALSE,FALSE,"0","0"
"92",9180209125,TRUE,FALSE,FALSE,"0","0"
"93",3610187560,TRUE,FALSE,FALSE,"0","0"
"94",707354306,TRUE,FALSE,FALSE,"0","0"
"95",9968710052,TRUE,FALSE,FALSE,"0","0"
"96",10567346821,TRUE,FALSE,FALSE,"0","0"
"97",1632958504,TRUE,FALSE,FALSE,"0","0"
"98",8280437168,TRUE,FALSE,FALSE,"0","0"
"99",4441933386,TRUE,FALSE,FALSE,"0","0"
"100",8395722980,TRUE,FALSE,FALSE,"0","0"
"101",3750196910,TRUE,FALSE,FALSE,"0","0"
"102",10476641752,TRUE,FALSE,FALSE,"0","0"
"103",1255937760,TRUE,FALSE,FALSE,"0","0"
"104",1297134257,TRUE,FALSE,FALSE,"0","0"
"105",11203590936,TRUE,FALSE,FALSE,"0","0"
"106",3364283451,TRUE,FALSE,FALSE,"0","0"
"107",8416630708,TRUE,FALSE,FALSE,"0","0"
"108",8270092285,TRUE,FALSE,FALSE,"0","0"
"109",3740539231,TRUE,FALSE,FALSE,"0","0"
"110",4086861886,TRUE,FALSE,FALSE,"0","0"
"111",4094450177,TRUE,FALSE,FALSE,"0","0"
"112",11337203645,TRUE,FALSE,FALSE,"0","0"
"113",5621426485,TRUE,FALSE,FALSE,"0","0"
"114",932312221,TRUE,FALSE,FALSE,"0","0"
"115",769659856,TRUE,FALSE,FALSE,"0","0"
"116",10074910513,TRUE,FALSE,FALSE,"0","0"
"117",289238063,TRUE,FALSE,FALSE,"0","0"
"118",10690425471,TRUE,FALSE,FALSE,"0","0"
"119",4315281919,TRUE,FALSE,FALSE,"0","0"
"120",8860964604,TRUE,FALSE,FALSE,"0","0"
"121",9459520559,TRUE,FALSE,FALSE,"0","0"
"122",9754662538,TRUE,FALSE,FALSE,"0","0"
"123",10058854918,TRUE,FALSE,FALSE,"0","0"
"124",9256856572,TRUE,FALSE,FALSE,"0","0"
"125",4247225959,TRUE,FALSE,FALSE,"0","0"
"126",11210634072,TRUE,TRUE,FALSE,"0","0"
"127",5654482380,TRUE,FALSE,FALSE,"0","0"
"128",1197078734,TRUE,FALSE,FALSE,"0","0"
"129",5008438791,TRUE,FALSE,FALSE,"0","0"
"130",3933246560,TRUE,FALSE,FALSE,"0","0"
"131",4066831090,TRUE,FALSE,FALSE,"0","0"
"132",4431891498,TRUE,FALSE,FALSE,"0","0"
"133",4147315521,TRUE,FALSE,FALSE,"0","0"
"134",4433104677,TRUE,FALSE,FALSE,"0","0"
"135",8753170116,TRUE,FALSE,FALSE,"0","0"
"136",8849107026,TRUE,FALSE,FALSE,"0","0"
"137",4186375737,TRUE,FALSE,FALSE,"0","0"
"138",4148287089,TRUE,TRUE,FALSE,"0","0"
"139",5275606071,TRUE,FALSE,FALSE,"0","0"
"140",8590568664,TRUE,FALSE,FALSE,"0","0"
"141",8318304710,TRUE,FALSE,FALSE,"0","0"
"142",5329297840,TRUE,FALSE,FALSE,"0","0"
"143",3703603285,TRUE,FALSE,FALSE,"0","0"
"144",9422078609,TRUE,FALSE,FALSE,"0","0"
"145",10800496625,TRUE,FALSE,FALSE,"0","0"
"146",11210079060,TRUE,FALSE,FALSE,"0","0"
"147",4238781901,TRUE,FALSE,FALSE,"0","0"
"148",8950581953,TRUE,FALSE,FALSE,"0","0"
"149",3708366686,TRUE,FALSE,FALSE,"0","0"
"150",3962154942,TRUE,FALSE,FALSE,"0","0"
"151",290019309,TRUE,FALSE,FALSE,"0","0"
"152",11098420701,TRUE,FALSE,FALSE,"0","0"
"153",8197454056,TRUE,FALSE,FALSE,"0","0"
"154",4143899584,TRUE,FALSE,FALSE,"0","0"
"155",10688708423,TRUE,FALSE,FALSE,"0","0"
"156",9984038116,TRUE,FALSE,FALSE,"0","0"
"157",3625043112,TRUE,FALSE,FALSE,"0","0"
"158",10915145038,TRUE,FALSE,FALSE,"0","0"
"159",8636733601,TRUE,FALSE,FALSE,"0","0"
"160",4172401244,TRUE,FALSE,FALSE,"0","0"
"161",7918868691,TRUE,FALSE,FALSE,"0","0"
"162",7922278592,TRUE,FALSE,FALSE,"0","0"
"163",10711680472,TRUE,TRUE,FALSE,"0","0"
"164",8968996880,TRUE,FALSE,FALSE,"0","0"
"165",4047220882,TRUE,FALSE,FALSE,"0","0"
"166",4501673269,TRUE,FALSE,FALSE,"0","0"
"167",3297700106,TRUE,FALSE,FALSE,"0","0"
"168",267827993,TRUE,FALSE,FALSE,"0","0"
"169",10312214632,TRUE,FALSE,FALSE,"0","0"
"170",4380257666,TRUE,FALSE,FALSE,"0","0"
"171",4414430333,TRUE,FALSE,FALSE,"0","0"
"172",11169291546,TRUE,TRUE,FALSE,"0","0"
"173",9520910854,TRUE,FALSE,FALSE,"0","0"
"174",10881042254,TRUE,FALSE,FALSE,"0","0"
"175",3339961971,TRUE,FALSE,FALSE,"0","0"
"176",9189594950,TRUE,FALSE,FALSE,"0","0"
"177",7839895222,TRUE,FALSE,FALSE,"0","0"
"178",8034226149,TRUE,FALSE,FALSE,"0","0"
"179",4100482020,TRUE,FALSE,FALSE,"0","0"
"180",4238737874,TRUE,FALSE,FALSE,"0","0"
"181",280811982,TRUE,FALSE,FALSE,"0","0"
"182",4362248693,TRUE,FALSE,FALSE,"0","0"
"183",8079981100,TRUE,FALSE,FALSE,"0","0"
"184",3970433417,TRUE,TRUE,FALSE,"0","0"
"185",1217632087,TRUE,FALSE,FALSE,"0","0"
"186",9973919585,TRUE,FALSE,FALSE,"0","0"
"187",4153903295,TRUE,FALSE,FALSE,"0","0"
"188",4469922362,TRUE,FALSE,FALSE,"0","0"
"189",3910791906,TRUE,FALSE,FALSE,"0","0"
"190",3592368685,TRUE,FALSE,FALSE,"0","0"
"191",10083725957,TRUE,FALSE,FALSE,"0","0"
"192",886335851,TRUE,TRUE,FALSE,"0","0"
"193",8002865523,TRUE,FALSE,FALSE,"0","0"
"194",4208526419,TRUE,FALSE,FALSE,"0","0"
"195",8045931454,TRUE,FALSE,FALSE,"0","0"
"196",7918394534,TRUE,FALSE,FALSE,"0","0"
"197",4131316581,TRUE,FALSE,FALSE,"0","0"
"198",8591222666,TRUE,FALSE,FALSE,"0","0"
"199",290224121,TRUE,FALSE,FALSE,"0","0"
"200",3700954731,TRUE,FALSE,FALSE,"0","0"
"201",1032594663,TRUE,FALSE,FALSE,"0","0"
"202",7997512964,TRUE,FALSE,FALSE,"0","0"
"203",8634145338,TRUE,FALSE,FALSE,"0","0"
"204",4578316931,TRUE,FALSE,FALSE,"0","0"
"205",10238056846,TRUE,FALSE,FALSE,"0","0"
"206",9388344156,TRUE,FALSE,FALSE,"0","0"
"207",11308807580,TRUE,FALSE,FALSE,"0","0"
"208",8165892783,TRUE,FALSE,FALSE,"0","0"
"209",4508055055,TRUE,FALSE,FALSE,"0","0"
"210",4185224087,TRUE,FALSE,FALSE,"0","0"
"211",752751833,TRUE,FALSE,FALSE,"0","0"
"212",9736668073,TRUE,FALSE,FALSE,"0","0"
"213",9614873896,TRUE,FALSE,FALSE,"0","0"
"214",11289200169,TRUE,TRUE,FALSE,"0","0"
"215",4141808858,TRUE,FALSE,FALSE,"0","0"
"216",9078898642,TRUE,FALSE,FALSE,"0","0"
"217",1224850038,TRUE,FALSE,FALSE,"0","0"
"218",11422475410,TRUE,FALSE,FALSE,"0","0"
"219",893528325,TRUE,FALSE,FALSE,"0","0"
"220",5403513479,TRUE,FALSE,FALSE,"0","0"
"221",7997177020,TRUE,FALSE,FALSE,"0","0"
"222",4562678344,TRUE,FALSE,FALSE,"0","0"
"223",8183650350,TRUE,FALSE,FALSE,"0","0"
"224",4315855255,TRUE,FALSE,FALSE,"0","0"
"225",8805634935,TRUE,FALSE,FALSE,"0","0"
"226",5392617149,TRUE,FALSE,FALSE,"0","0"
"227",3636102776,TRUE,FALSE,FALSE,"0","0"
"228",7882941275,TRUE,FALSE,FALSE,"0","0"
"229",1288576073,TRUE,FALSE,FALSE,"0","0"
"230",8107279933,TRUE,TRUE,FALSE,"0","0"
"231",733781428,TRUE,FALSE,FALSE,"0","0"
"232",7858917091,TRUE,TRUE,FALSE,"0","0"
"233",4949038587,TRUE,FALSE,FALSE,"0","0"
"234",4047551380,TRUE,FALSE,FALSE,"0","0"
"235",4120923440,TRUE,FALSE,FALSE,"0","0"
"236",5760234631,TRUE,FALSE,FALSE,"0","0"
"237",11360790178,TRUE,FALSE,FALSE,"0","0"
"238",7900171343,TRUE,FALSE,FALSE,"0","0"
"239",8478027515,TRUE,FALSE,FALSE,"0","0"
"240",876936626,TRUE,FALSE,FALSE,"0","0"
"241",5348939585,TRUE,FALSE,FALSE,"0","0"
"242",5540258981,TRUE,FALSE,FALSE,"0","0"
"243",1435378198,TRUE,FALSE,FALSE,"0","0"
"244",3555897148,TRUE,FALSE,FALSE,"0","0"
"245",277530959,TRUE,FALSE,FALSE,"0","0"
"246",10368739671,TRUE,FALSE,FALSE,"0","0"
"247",4477465114,TRUE,FALSE,FALSE,"0","0"
"248",11021440024,TRUE,FALSE,FALSE,"0","0"
"249",3820603344,TRUE,FALSE,FALSE,"0","0"
"250",8222879434,TRUE,FALSE,FALSE,"0","0"
"251",9039592581,TRUE,FALSE,FALSE,"0","0"
"252",4914560224,TRUE,FALSE,FALSE,"0","0"
"253",8165604061,TRUE,FALSE,FALSE,"0","0"
"254",294651453,TRUE,FALSE,FALSE,"0","0"
"255",319692735,TRUE,FALSE,FALSE,"0","0"
"256",4350544217,TRUE,FALSE,FALSE,"0","0"
"257",9601510296,TRUE,FALSE,FALSE,"0","0"
"258",4147393912,TRUE,FALSE,FALSE,"0","0"
"259",7841612358,TRUE,FALSE,FALSE,"0","0"
"260",9912585949,TRUE,FALSE,FALSE,"0","0"
"261",1007167900,TRUE,FALSE,FALSE,"0","0"
"262",1216910872,TRUE,FALSE,FALSE,"0","0"
"263",5007658888,TRUE,FALSE,FALSE,"0","0"
"264",3770164821,TRUE,FALSE,FALSE,"0","0"
"265",4133463908,TRUE,FALSE,FALSE,"0","0"
"266",8135370233,TRUE,FALSE,FALSE,"0","0"
"267",8746516475,TRUE,FALSE,FALSE,"0","0"
"268",8010477035,TRUE,FALSE,FALSE,"0","0"
"269",3618928761,TRUE,FALSE,FALSE,"0","0"
"270",8143254897,TRUE,TRUE,FALSE,"0","0"
"271",4052240189,TRUE,FALSE,FALSE,"0","0"
"272",9594151278,TRUE,FALSE,FALSE,"0","0"
"273",4423835556,TRUE,FALSE,FALSE,"0","0"
"274",3974045212,TRUE,FALSE,FALSE,"0","0"
"275",9131999590,TRUE,TRUE,FALSE,"0","0"
"276",9038056633,TRUE,FALSE,FALSE,"0","0"
"277",9620936608,TRUE,FALSE,FALSE,"0","0"
"278",1258640917,TRUE,FALSE,FALSE,"0","0"
"279",8242257980,TRUE,FALSE,FALSE,"0","0"
"280",10680900513,TRUE,FALSE,FALSE,"0","0"
"281",3684530114,TRUE,FALSE,FALSE,"0","0"
"282",941859986,TRUE,FALSE,FALSE,"0","0"
"283",8835761034,TRUE,FALSE,FALSE,"0","0"
"284",7947968106,TRUE,FALSE,FALSE,"0","0"
"285",8812636654,TRUE,FALSE,FALSE,"0","0"
"286",4276862521,TRUE,FALSE,FALSE,"0","0"
"287",4046652604,TRUE,FALSE,FALSE,"0","0"
"288",3687156313,TRUE,FALSE,FALSE,"0","0"
"289",1507749079,TRUE,FALSE,FALSE,"0","0"
"290",4487626613,TRUE,FALSE,FALSE,"0","0"
"291",741168084,TRUE,FALSE,FALSE,"0","0"
"292",273398676,TRUE,FALSE,FALSE,"0","0"
"293",9947860132,TRUE,FALSE,FALSE,"0","0"
"294",4248675362,TRUE,FALSE,FALSE,"0","0"
"295",10483785562,TRUE,TRUE,FALSE,"0","0"
"296",7885543362,TRUE,FALSE,FALSE,"0","0"
"297",4506283065,TRUE,FALSE,FALSE,"0","0"
"298",3797824382,TRUE,FALSE,FALSE,"0","0"
"299",8266703669,TRUE,FALSE,FALSE,"0","0"
"300",9394591496,TRUE,FALSE,FALSE,"0","0"
"301",7910581567,TRUE,FALSE,FALSE,"0","0"
"302",311440442,TRUE,FALSE,FALSE,"0","0"
"303",4584231404,TRUE,FALSE,FALSE,"0","0"
"304",7875319122,TRUE,FALSE,FALSE,"0","0"
"305",9716387356,TRUE,FALSE,FALSE,"0","0"
"306",313086460,TRUE,FALSE,FALSE,"0","0"
"307",4035395835,TRUE,FALSE,FALSE,"0","0"
"308",4571495387,TRUE,TRUE,FALSE,"0","0"
"309",8436578488,TRUE,FALSE,FALSE,"0","0"
"310",297512245,TRUE,FALSE,FALSE,"0","0"
"311",1273503466,TRUE,FALSE,FALSE,"0","0"
"312",4129282988,TRUE,FALSE,FALSE,"0","0"
"313",3518627887,TRUE,FALSE,FALSE,"0","0"
"314",9767912529,TRUE,FALSE,FALSE,"0","0"
"315",10155062685,TRUE,FALSE,FALSE,"0","0"
"316",4260177042,TRUE,FALSE,FALSE,"0","0"
"317",11410971012,TRUE,FALSE,FALSE,"0","0"
"318",1138217529,TRUE,FALSE,FALSE,"0","0"
"319",10313161160,TRUE,FALSE,FALSE,"0","0"
"320",10655039891,TRUE,FALSE,FALSE,"0","0"
"321",10419588676,TRUE,TRUE,FALSE,"0","0"
"322",4393559885,TRUE,FALSE,FALSE,"0","0"
"323",9724122248,TRUE,FALSE,FALSE,"0","0"
"324",8401522973,TRUE,FALSE,FALSE,"0","0"
"325",11198823637,TRUE,FALSE,FALSE,"0","0"
"326",11385641154,TRUE,FALSE,FALSE,"0","0"
"327",8767696147,TRUE,FALSE,FALSE,"0","0"
"328",9407850406,TRUE,FALSE,FALSE,"0","0"
"329",11078674704,TRUE,FALSE,FALSE,"0","0"
"330",10322570829,TRUE,FALSE,FALSE,"0","0"
"331",4094968335,TRUE,FALSE,FALSE,"0","0"
"332",9882326241,TRUE,FALSE,FALSE,"0","0"
"333",10526194135,TRUE,FALSE,FALSE,"0","0"
"334",1441305423,TRUE,FALSE,FALSE,"0","0"
"335",4405777667,TRUE,FALSE,FALSE,"0","0"
"336",3677215819,TRUE,FALSE,FALSE,"0","0"
"337",8419719217,TRUE,FALSE,FALSE,"0","0"
"338",987115570,TRUE,FALSE,FALSE,"0","0"
"339",3589229205,TRUE,FALSE,FALSE,"0","0"
"340",9498602553,TRUE,FALSE,FALSE,"0","0"
"341",11141064005,TRUE,FALSE,FALSE,"0","0"
"342",8545969384,TRUE,FALSE,FALSE,"0","0"
"343",318047266,TRUE,FALSE,FALSE,"0","0"
"344",9214367412,TRUE,FALSE,FALSE,"0","0"
"345",11142037266,TRUE,FALSE,FALSE,"0","0"
"346",3800527578,TRUE,FALSE,FALSE,"0","0"
"347",5358762359,TRUE,FALSE,FALSE,"0","0"
"348",3940277519,TRUE,FALSE,FALSE,"0","0"
"349",8084871168,TRUE,FALSE,FALSE,"0","0"
"350",1224073068,TRUE,FALSE,FALSE,"0","0"
"351",10857101121,TRUE,FALSE,FALSE,"0","0"
"352",7898634602,TRUE,FALSE,FALSE,"0","0"
"353",8409130497,TRUE,TRUE,FALSE,"0","0"
"354",8206951989,TRUE,FALSE,FALSE,"0","0"
"355",5525564166,TRUE,FALSE,FALSE,"0","0"
"356",1067044889,TRUE,TRUE,FALSE,"0","0"
"357",3573354276,TRUE,TRUE,FALSE,"0","0"
"358",10889138162,TRUE,FALSE,FALSE,"0","0"
"359",10599077124,TRUE,FALSE,FALSE,"0","0"
"360",10509413228,TRUE,FALSE,FALSE,"0","0"
"361",11313063317,TRUE,FALSE,FALSE,"0","0"
"362",10440154808,TRUE,FALSE,FALSE,"0","0"
"363",9551130605,TRUE,FALSE,FALSE,"0","0"
"364",3689048030,TRUE,FALSE,FALSE,"0","0"
"365",8076727882,TRUE,FALSE,FALSE,"0","0"
"366",8187978179,TRUE,FALSE,FALSE,"0","0"
"367",3551376180,TRUE,FALSE,FALSE,"0","0"
"368",4500806361,TRUE,FALSE,FALSE,"0","0"
"369",4422573116,TRUE,FALSE,FALSE,"0","0"
"370",9047143777,TRUE,FALSE,FALSE,"0","0"
"371",9425804461,TRUE,FALSE,FALSE,"0","0"
"372",9321381374,TRUE,FALSE,FALSE,"0","0"
"373",4148492225,TRUE,FALSE,FALSE,"0","0"
"374",4159733003,TRUE,FALSE,FALSE,"0","0"
"375",9589847274,TRUE,FALSE,FALSE,"0","0"
"376",9153216644,TRUE,FALSE,FALSE,"0","0"
"377",9934894795,TRUE,FALSE,FALSE,"0","0"
"378",964472012,TRUE,FALSE,FALSE,"0","0"
"379",4174701627,TRUE,FALSE,FALSE,"0","0"
"380",4236888448,TRUE,FALSE,FALSE,"0","0"
"381",10504708923,TRUE,FALSE,FALSE,"0","0"
"382",4170546365,TRUE,FALSE,FALSE,"0","0"
"383",8241301541,TRUE,FALSE,FALSE,"0","0"
"384",10292179895,TRUE,FALSE,FALSE,"0","0"
"385",4401737281,TRUE,FALSE,FALSE,"0","0"
"386",5606088053,TRUE,FALSE,FALSE,"0","0"
"387",5456310557,TRUE,FALSE,FALSE,"0","0"
"388",3995408458,TRUE,FALSE,FALSE,"0","0"
"389",8483617251,TRUE,FALSE,FALSE,"0","0"
"390",3865638918,TRUE,FALSE,FALSE,"0","0"
"391",10126531277,TRUE,FALSE,FALSE,"0","0"
"392",1055123738,TRUE,FALSE,FALSE,"0","0"
"393",4522410634,TRUE,FALSE,FALSE,"0","0"
"394",7903753559,TRUE,FALSE,FALSE,"0","0"
"395",3658724301,TRUE,FALSE,FALSE,"0","0"
"396",8255389072,TRUE,FALSE,FALSE,"0","0"
"397",304878267,TRUE,FALSE,FALSE,"0","0"
"398",8170393268,TRUE,FALSE,FALSE,"0","0"
"399",4167089998,TRUE,FALSE,FALSE,"0","0"
"400",9403903135,TRUE,FALSE,FALSE,"0","0"
"401",4261482574,TRUE,FALSE,FALSE,"0","0"
"402",8917417705,TRUE,TRUE,FALSE,"0","0"
"403",5650264973,TRUE,FALSE,FALSE,"0","0"
"404",8425988436,TRUE,FALSE,FALSE,"0","0"
"405",11041413750,TRUE,FALSE,FALSE,"0","0"
"406",4133013394,TRUE,FALSE,FALSE,"0","0"
"407",4195496595,TRUE,FALSE,FALSE,"0","0"
"408",4079096077,TRUE,FALSE,FALSE,"0","0"
"409",5315143241,TRUE,FALSE,FALSE,"0","0"
"410",8159883234,TRUE,FALSE,FALSE,"0","0"
"411",3619899934,TRUE,FALSE,FALSE,"0","0"
"412",5348129755,TRUE,FALSE,FALSE,"0","0"
"413",11040224375,TRUE,FALSE,FALSE,"0","0"
"414",9035519184,TRUE,FALSE,FALSE,"0","0"
"415",9053330705,TRUE,FALSE,FALSE,"0","0"
"416",9788543443,TRUE,FALSE,FALSE,"0","0"
"417",11216881436,TRUE,FALSE,FALSE,"0","0"
"418",8972827035,TRUE,FALSE,FALSE,"0","0"
"419",3401322934,TRUE,FALSE,FALSE,"0","0"
"420",282393064,TRUE,FALSE,FALSE,"0","0"
"421",320499271,TRUE,FALSE,FALSE,"0","0"
"422",1312682365,TRUE,FALSE,FALSE,"0","0"
"423",8512633085,TRUE,FALSE,FALSE,"0","0"
"424",4142064349,TRUE,FALSE,FALSE,"0","0"
"425",8206477607,TRUE,FALSE,FALSE,"0","0"
"426",10709158961,TRUE,FALSE,FALSE,"0","0"
"427",9675576615,TRUE,FALSE,FALSE,"0","0"
"428",4023036490,TRUE,FALSE,FALSE,"0","0"
"429",302089816,TRUE,FALSE,FALSE,"0","0"
"430",8690476337,TRUE,FALSE,FALSE,"0","0"
"431",8167627424,TRUE,FALSE,FALSE,"0","0"
"432",8810163408,TRUE,FALSE,FALSE,"0","0"
"433",1046642529,TRUE,FALSE,FALSE,"0","0"
"434",4075156544,TRUE,FALSE,FALSE,"0","0"
"435",3609657937,TRUE,FALSE,FALSE,"0","0"
"436",1047811692,TRUE,FALSE,FALSE,"0","0"
"437",4140592068,TRUE,FALSE,FALSE,"0","0"
"438",9467752694,TRUE,FALSE,FALSE,"0","0"
"439",4591899693,TRUE,FALSE,FALSE,"0","0"
"440",3500669602,TRUE,FALSE,FALSE,"0","0"
"441",10174928005,TRUE,FALSE,FALSE,"0","0"
"442",9412154393,TRUE,TRUE,FALSE,"0","0"
"443",9571395394,TRUE,FALSE,FALSE,"0","0"
"444",4156740938,TRUE,FALSE,FALSE,"0","0"
"445",4230526205,TRUE,FALSE,FALSE,"0","0"
"446",7903880657,TRUE,FALSE,FALSE,"0","0"
"447",5715811193,TRUE,FALSE,FALSE,"0","0"
"448",9453412984,TRUE,FALSE,FALSE,"0","0"
"449",8933697925,TRUE,FALSE,FALSE,"0","0"
"450",4346731728,TRUE,FALSE,FALSE,"0","0"
"451",4232545310,TRUE,FALSE,FALSE,"0","0"
"452",1120257256,TRUE,TRUE,FALSE,"0","0"
"453",8250258706,TRUE,FALSE,FALSE,"0","0"
"454",7879575915,TRUE,FALSE,FALSE,"0","0"
"455",3490720204,TRUE,FALSE,FALSE,"0","0"
"456",4043488424,TRUE,FALSE,FALSE,"0","0"
"457",4510724736,TRUE,FALSE,FALSE,"0","0"
"458",3336766713,TRUE,FALSE,FALSE,"0","0"
"459",3568001662,TRUE,FALSE,FALSE,"0","0"
"460",10558369192,TRUE,FALSE,FALSE,"0","0"
"461",1235606149,TRUE,FALSE,FALSE,"0","0"
"462",8736267505,TRUE,FALSE,FALSE,"0","0"
"463",4294867328,TRUE,FALSE,FALSE,"0","0"
"464",9555732539,TRUE,FALSE,FALSE,"0","0"
"465",1083893250,TRUE,FALSE,FALSE,"0","0"
"466",10354031301,TRUE,TRUE,FALSE,"0","0"
"467",5710713236,TRUE,FALSE,FALSE,"0","0"
"468",321284629,TRUE,FALSE,FALSE,"0","0"
"469",1302315143,TRUE,FALSE,FALSE,"0","0"
"470",1400686284,TRUE,FALSE,FALSE,"0","0"
"471",4175664329,TRUE,FALSE,FALSE,"0","0"
"472",8096157748,TRUE,FALSE,FALSE,"0","0"
"473",4457788615,TRUE,FALSE,FALSE,"0","0"
"474",294768148,TRUE,FALSE,FALSE,"0","0"
"475",4187406821,TRUE,FALSE,FALSE,"0","0"
"476",4129439362,TRUE,FALSE,FALSE,"0","0"
"477",9392927019,TRUE,FALSE,FALSE,"0","0"
"478",9750217015,TRUE,FALSE,FALSE,"0","0"
"479",4361092282,TRUE,FALSE,FALSE,"0","0"
"480",8085123905,TRUE,TRUE,FALSE,"0","0"
"481",9039253569,TRUE,FALSE,FALSE,"0","0"
"482",4047231493,TRUE,FALSE,FALSE,"0","0"
"483",9037307987,TRUE,FALSE,FALSE,"0","0"
"484",4183153855,TRUE,FALSE,FALSE,"0","0"
"485",9279629935,TRUE,TRUE,FALSE,"0","0"
"486",11097233478,TRUE,FALSE,FALSE,"0","0"
"487",8829569622,TRUE,FALSE,FALSE,"0","0"
"488",3974869434,TRUE,FALSE,FALSE,"0","0"
"489",10349677978,TRUE,FALSE,FALSE,"0","0"
"490",10985942379,TRUE,FALSE,FALSE,"0","0"
"491",298475280,TRUE,FALSE,FALSE,"0","0"
"492",8941466117,TRUE,FALSE,FALSE,"0","0"
"493",4511231532,TRUE,TRUE,FALSE,"0","0"
"494",11410722937,TRUE,FALSE,FALSE,"0","0"
"495",4261584643,TRUE,FALSE,FALSE,"0","0"
"496",1124419131,TRUE,FALSE,FALSE,"0","0"
"497",4055626762,TRUE,FALSE,FALSE,"0","0"
"498",11064429772,TRUE,FALSE,FALSE,"0","0"
"499",8185220597,TRUE,FALSE,FALSE,"0","0"
"500",4972847590,TRUE,FALSE,FALSE,"0","0"
"501",4962952130,TRUE,FALSE,FALSE,"0","0"
"502",4333926850,TRUE,FALSE,FALSE,"0","0"
"503",4512819818,TRUE,FALSE,FALSE,"0","0"
"504",280430408,TRUE,FALSE,FALSE,"0","0"
"505",293167490,TRUE,FALSE,FALSE,"0","0"
"506",9317927689,TRUE,FALSE,FALSE,"0","0"
"507",7910103099,TRUE,FALSE,FALSE,"0","0"
"508",4157989635,TRUE,FALSE,FALSE,"0","0"
"509",10541408556,TRUE,FALSE,FALSE,"0","0"
"510",3323293503,TRUE,FALSE,FALSE,"0","0"
"511",286871209,TRUE,FALSE,FALSE,"0","0"
"512",4135797553,TRUE,FALSE,FALSE,"0","0"
"513",11336874462,TRUE,TRUE,FALSE,"0","0"
"514",8118791297,TRUE,FALSE,FALSE,"0","0"
"515",3307176897,TRUE,FALSE,FALSE,"0","0"
"516",8979078836,TRUE,FALSE,FALSE,"0","0"
"517",309387498,TRUE,FALSE,FALSE,"0","0"
"518",314272334,TRUE,FALSE,FALSE,"0","0"
"519",9299272009,TRUE,TRUE,FALSE,"0","0"
"520",8546969086,TRUE,FALSE,FALSE,"0","0"
"521",8623646989,TRUE,FALSE,FALSE,"0","0"
"522",4151376006,TRUE,FALSE,FALSE,"0","0"
"523",1137455085,TRUE,TRUE,FALSE,"0","0"
"524",4225369901,TRUE,FALSE,FALSE,"0","0"
"525",3332621494,TRUE,FALSE,FALSE,"0","0"
"526",8595566702,TRUE,FALSE,FALSE,"0","0"
"527",3933399589,TRUE,FALSE,FALSE,"0","0"
"528",7995539446,TRUE,FALSE,FALSE,"0","0"
"529",3994419495,TRUE,FALSE,FALSE,"0","0"
"530",9447478224,TRUE,FALSE,FALSE,"0","0"
"531",4074078805,TRUE,FALSE,FALSE,"0","0"
"532",4202156348,TRUE,FALSE,FALSE,"0","0"
"533",1611850931,TRUE,FALSE,FALSE,"0","0"
"534",9172506812,TRUE,FALSE,FALSE,"0","0"
"535",8065093543,TRUE,FALSE,FALSE,"0","0"
"536",8688230530,TRUE,FALSE,FALSE,"0","0"
"537",8314647411,TRUE,FALSE,FALSE,"0","0"
"538",9124345531,TRUE,FALSE,FALSE,"0","0"
"539",4412143903,TRUE,FALSE,FALSE,"0","0"
"540",4941625408,TRUE,FALSE,FALSE,"0","0"
"541",11193966557,TRUE,TRUE,FALSE,"0","0"
"542",9509398806,TRUE,FALSE,FALSE,"0","0"
"543",4045140056,TRUE,FALSE,FALSE,"0","0"
"544",3486989572,TRUE,FALSE,FALSE,"0","0"
"545",3684993030,TRUE,FALSE,FALSE,"0","0"
"546",11199199243,TRUE,FALSE,FALSE,"0","0"
"547",5544248436,TRUE,FALSE,FALSE,"0","0"
"548",3695359522,TRUE,FALSE,FALSE,"0","0"
"549",9367883496,TRUE,FALSE,FALSE,"0","0"
"550",5670464195,TRUE,FALSE,FALSE,"0","0"
"551",9478197404,TRUE,FALSE,FALSE,"0","0"
"552",9956475992,TRUE,FALSE,FALSE,"0","0"
"553",4495115806,TRUE,FALSE,FALSE,"0","0"
"554",1071707699,TRUE,FALSE,FALSE,"0","0"
"555",4015491155,TRUE,FALSE,FALSE,"0","0"
"556",1149494876,TRUE,FALSE,FALSE,"0","0"
"557",4481405368,TRUE,FALSE,FALSE,"0","0"
"558",4387044047,TRUE,FALSE,FALSE,"0","0"
"559",3399308275,TRUE,FALSE,FALSE,"0","0"
"560",8475334384,TRUE,FALSE,FALSE,"0","0"
"561",10404597292,TRUE,TRUE,FALSE,"0","0"
"562",3963104568,TRUE,FALSE,FALSE,"0","0"
"563",10903695677,TRUE,FALSE,FALSE,"0","0"
"564",10534022475,TRUE,FALSE,FALSE,"0","0"
"565",9002244761,TRUE,FALSE,FALSE,"0","0"
"566",8690239808,TRUE,FALSE,FALSE,"0","0"
"567",3988984389,TRUE,FALSE,FALSE,"0","0"
"568",10271582964,TRUE,FALSE,FALSE,"0","0"
"569",10654139611,TRUE,TRUE,FALSE,"0","0"
"570",3879383529,TRUE,FALSE,FALSE,"0","0"
"571",8069175797,TRUE,FALSE,FALSE,"0","0"
"572",10955595400,TRUE,FALSE,FALSE,"0","0"
"573",11225183635,TRUE,FALSE,FALSE,"0","0"
"574",3998346137,TRUE,FALSE,FALSE,"0","0"
"575",11231922879,TRUE,FALSE,FALSE,"0","0"
"576",934394731,TRUE,FALSE,FALSE,"0","0"
"577",8726633602,TRUE,FALSE,FALSE,"0","0"
"578",4033875960,TRUE,FALSE,FALSE,"0","0"
"579",5559637582,TRUE,FALSE,FALSE,"0","0"
"580",4484229655,TRUE,FALSE,FALSE,"0","0"
"581",3502713662,TRUE,FALSE,FALSE,"0","0"
"582",278932772,TRUE,FALSE,FALSE,"0","0"
"583",3889615210,TRUE,FALSE,FALSE,"0","0"
"584",9317993271,TRUE,FALSE,FALSE,"0","0"
"585",4376171505,TRUE,FALSE,FALSE,"0","0"
"586",10306620054,TRUE,FALSE,FALSE,"0","0"
"587",7880178475,TRUE,TRUE,FALSE,"0","0"
"588",10067514029,TRUE,FALSE,FALSE,"0","0"
"589",1200556181,TRUE,FALSE,FALSE,"0","0"
"590",301568671,TRUE,FALSE,FALSE,"0","0"
"591",7896756249,TRUE,FALSE,FALSE,"0","0"
"592",8045555371,TRUE,FALSE,FALSE,"0","0"
"593",3622121509,TRUE,FALSE,FALSE,"0","0"
"594",3279832414,TRUE,FALSE,FALSE,"0","0"
"595",9292277368,TRUE,FALSE,FALSE,"0","0"
"596",1222180955,TRUE,FALSE,FALSE,"0","0"
"597",4349529980,TRUE,FALSE,FALSE,"0","0"
"598",3591961380,TRUE,TRUE,FALSE,"0","0"
"599",3951310838,TRUE,FALSE,FALSE,"0","0"
"600",11157639127,TRUE,FALSE,FALSE,"0","0"
"601",8009884565,TRUE,FALSE,FALSE,"0","0"
"602",5009011261,TRUE,FALSE,FALSE,"0","0"
"603",4034642804,TRUE,FALSE,FALSE,"0","0"
"604",3977025534,TRUE,FALSE,FALSE,"0","0"
"605",285746443,TRUE,FALSE,FALSE,"0","0"
"606",10700164925,TRUE,FALSE,FALSE,"0","0"
"607",1650986602,TRUE,FALSE,FALSE,"0","0"
"608",4036153155,TRUE,FALSE,FALSE,"0","0"
"609",8685271233,TRUE,FALSE,FALSE,"0","0"
"610",9867358638,TRUE,FALSE,FALSE,"0","0"
"611",9694613379,TRUE,FALSE,FALSE,"0","0"
"612",11439127515,TRUE,FALSE,FALSE,"0","0"
"613",308312637,TRUE,FALSE,FALSE,"0","0"
"614",9532605683,TRUE,FALSE,FALSE,"0","0"
"615",10006021739,TRUE,FALSE,FALSE,"0","0"
"616",4059099607,TRUE,FALSE,FALSE,"0","0"
"617",4921016471,TRUE,FALSE,FALSE,"0","0"
"618",4378149209,TRUE,FALSE,FALSE,"0","0"
"619",9905853185,TRUE,FALSE,FALSE,"0","0"
"620",8758180639,TRUE,FALSE,FALSE,"0","0"
"621",9354723224,TRUE,FALSE,FALSE,"0","0"
"622",1239236791,TRUE,FALSE,FALSE,"0","0"
"623",10432663590,TRUE,FALSE,FALSE,"0","0"
"624",302008301,TRUE,FALSE,FALSE,"0","0"
"625",4154737279,TRUE,FALSE,FALSE,"0","0"
"626",920105301,TRUE,FALSE,FALSE,"0","0"
"627",4426895599,TRUE,FALSE,FALSE,"0","0"
"628",4284811678,TRUE,FALSE,FALSE,"0","0"
"629",1305616566,TRUE,FALSE,FALSE,"0","0"
"630",4157773544,TRUE,FALSE,FALSE,"0","0"
"631",8184208178,TRUE,FALSE,FALSE,"0","0"
"632",8265133339,TRUE,TRUE,FALSE,"0","0"
"633",4052868516,TRUE,FALSE,FALSE,"0","0"
"634",4158711055,TRUE,FALSE,FALSE,"0","0"
"635",4244955800,TRUE,FALSE,FALSE,"0","0"
"636",4191912192,TRUE,FALSE,FALSE,"0","0"
"637",9022714161,TRUE,FALSE,FALSE,"0","0"
"638",4114268610,TRUE,FALSE,FALSE,"0","0"
"639",9642189521,TRUE,FALSE,FALSE,"0","0"
"640",4990680333,TRUE,FALSE,FALSE,"0","0"
"641",11020934243,TRUE,FALSE,FALSE,"0","0"
"642",3962607778,TRUE,FALSE,FALSE,"0","0"
"643",10655009380,TRUE,FALSE,FALSE,"0","0"
"644",1105831127,TRUE,FALSE,FALSE,"0","0"
"645",4172248418,TRUE,FALSE,FALSE,"0","0"
"646",8377012997,TRUE,FALSE,FALSE,"0","0"
"647",3687276653,TRUE,FALSE,FALSE,"0","0"
"648",1110509514,TRUE,FALSE,FALSE,"0","0"
"649",8481827973,TRUE,FALSE,FALSE,"0","0"
"650",8754216934,TRUE,FALSE,FALSE,"0","0"
"651",7911907997,TRUE,FALSE,FALSE,"0","0"
"652",4433670859,TRUE,FALSE,FALSE,"0","0"
"653",8769950168,TRUE,FALSE,FALSE,"0","0"
"654",1063056361,TRUE,FALSE,FALSE,"0","0"
"655",3372597801,TRUE,FALSE,FALSE,"0","0"
"656",4171041616,TRUE,FALSE,FALSE,"0","0"
"657",8105582688,TRUE,FALSE,FALSE,"0","0"
"658",10326976416,TRUE,FALSE,FALSE,"0","0"
"659",4295557031,TRUE,FALSE,FALSE,"0","0"
"660",4382385507,TRUE,FALSE,FALSE,"0","0"
"661",3364050017,TRUE,TRUE,FALSE,"0","0"
"662",10685012592,TRUE,FALSE,FALSE,"0","0"
"663",3969639257,FALSE,FALSE,FALSE,"0","0"
"664",3654326255,FALSE,FALSE,FALSE,"0","0"
"665",9554165747,FALSE,FALSE,FALSE,"0","0"
"666",8837005291,FALSE,FALSE,FALSE,"0","0"
"667",4055086483,FALSE,FALSE,FALSE,"0","0"
"668",4013553141,FALSE,FALSE,FALSE,"0","0"
"669",10337443004,FALSE,FALSE,FALSE,"0","0"
"670",4042056019,FALSE,FALSE,FALSE,"0","0"
"671",3945545620,FALSE,FALSE,FALSE,"0","0"
"672",3974502908,FALSE,FALSE,FALSE,"0","0"
"673",8066370470,FALSE,FALSE,FALSE,"0","0"
"674",4098824822,FALSE,FALSE,FALSE,"0","0"
"675",826250332,FALSE,TRUE,FALSE,"0","1"
"676",4111143352,FALSE,FALSE,FALSE,"0","0"
"677",4196135655,FALSE,FALSE,FALSE,"0","0"
"678",4371368001,FALSE,FALSE,FALSE,"0","0"
"679",10792534336,FALSE,FALSE,FALSE,"0","0"
"680",275921779,FALSE,FALSE,FALSE,"0","0"
"681",10960786149,FALSE,FALSE,FALSE,"0","0"
"682",4174137624,FALSE,TRUE,FALSE,"0","1"
"683",8202009233,FALSE,FALSE,FALSE,"0","0"
"684",4319881168,FALSE,TRUE,FALSE,"0","1"
"685",284747427,FALSE,FALSE,FALSE,"0","0"
"686",3661864672,FALSE,FALSE,FALSE,"0","0"
"687",4371914392,FALSE,FALSE,FALSE,"0","0"
"688",4333646662,FALSE,FALSE,FALSE,"0","0"
"689",1460999133,FALSE,FALSE,FALSE,"0","0"
"690",4052923541,FALSE,FALSE,FALSE,"0","0"
"691",7879367574,FALSE,FALSE,FALSE,"0","0"
"692",4175002602,FALSE,FALSE,FALSE,"0","0"
"693",11153544722,FALSE,FALSE,FALSE,"0","0"
"694",4479155907,FALSE,FALSE,FALSE,"0","0"
"695",9384170823,FALSE,FALSE,FALSE,"0","0"
"696",3330391854,FALSE,FALSE,FALSE,"0","0"
"697",723392515,FALSE,FALSE,FALSE,"0","0"
"698",1297173227,FALSE,TRUE,FALSE,"0","1"
"699",4387258275,FALSE,FALSE,FALSE,"0","0"
"700",3625111099,FALSE,FALSE,FALSE,"0","0"
"701",4144253507,FALSE,FALSE,FALSE,"0","0"
"702",310406676,FALSE,FALSE,FALSE,"0","0"
"703",3699543006,FALSE,FALSE,FALSE,"0","0"
"704",9401925647,FALSE,FALSE,FALSE,"0","0"
"705",8314695580,FALSE,FALSE,FALSE,"0","0"
"706",10910525323,FALSE,TRUE,FALSE,"0","1"
"707",4075774520,FALSE,FALSE,FALSE,"0","0"
"708",718421376,FALSE,TRUE,FALSE,"0","1"
"709",4495727753,FALSE,FALSE,FALSE,"0","0"
"710",4155593007,FALSE,FALSE,FALSE,"0","0"
"711",1405345481,FALSE,FALSE,FALSE,"0","0"
"712",4148633651,FALSE,FALSE,FALSE,"0","0"
"713",4174836394,FALSE,FALSE,FALSE,"0","0"
"714",5310132026,FALSE,FALSE,FALSE,"0","0"
"715",8876602824,FALSE,FALSE,FALSE,"0","0"
"716",277460119,FALSE,FALSE,FALSE,"0","0"
"717",8044999174,FALSE,FALSE,FALSE,"0","0"
"718",3627035362,FALSE,TRUE,FALSE,"0","1"
"719",9470291197,FALSE,TRUE,FALSE,"0","1"
"720",10450589304,FALSE,TRUE,FALSE,"0","1"
"721",9805605239,FALSE,FALSE,FALSE,"0","0"
"722",3783140528,FALSE,FALSE,FALSE,"0","0"
"723",4458168845,FALSE,FALSE,FALSE,"0","0"
"724",11430409339,FALSE,FALSE,FALSE,"0","0"
"725",8319283083,FALSE,FALSE,FALSE,"0","0"
"726",3749151360,FALSE,FALSE,FALSE,"0","0"
"727",4186090030,FALSE,FALSE,FALSE,"0","0"
"728",1165335821,FALSE,TRUE,FALSE,"0","1"
"729",10350350583,FALSE,FALSE,FALSE,"0","0"
"730",4431664652,FALSE,FALSE,FALSE,"0","0"
"731",3634537516,FALSE,FALSE,FALSE,"0","0"
"732",3986730573,FALSE,FALSE,FALSE,"0","0"
"733",4071122800,FALSE,FALSE,FALSE,"0","0"
"734",1434695539,FALSE,TRUE,FALSE,"0","1"
"735",11188916820,FALSE,FALSE,FALSE,"0","0"
"736",3313193853,FALSE,FALSE,FALSE,"0","0"
"737",3568601855,FALSE,FALSE,FALSE,"0","0"
"738",4245433303,FALSE,FALSE,FALSE,"0","0"
"739",4343065732,FALSE,FALSE,FALSE,"0","0"
"740",3958764030,FALSE,TRUE,FALSE,"0","1"
"741",4042524992,FALSE,FALSE,FALSE,"0","0"
"742",10351233032,FALSE,FALSE,FALSE,"0","0"
"743",8566783259,FALSE,FALSE,FALSE,"0","0"
"744",4365099748,FALSE,FALSE,FALSE,"0","0"
"745",10216860399,FALSE,FALSE,FALSE,"0","0"
"746",3513461349,FALSE,FALSE,FALSE,"0","0"
"747",7882770365,FALSE,FALSE,FALSE,"0","0"
"748",8817286843,FALSE,FALSE,FALSE,"0","0"
"749",1600412070,FALSE,FALSE,FALSE,"0","0"
"750",743299625,FALSE,FALSE,FALSE,"0","0"
"751",8168038975,FALSE,FALSE,FALSE,"0","0"
"752",3706341414,FALSE,FALSE,FALSE,"0","0"
"753",3909329044,FALSE,FALSE,FALSE,"0","0"
"754",10165395968,FALSE,TRUE,FALSE,"0","1"
"755",5002191588,FALSE,FALSE,FALSE,"0","0"
"756",5324396184,FALSE,FALSE,FALSE,"0","0"
"757",3986944882,FALSE,FALSE,FALSE,"0","0"
"758",3350779418,FALSE,FALSE,FALSE,"0","0"
"759",278895567,FALSE,FALSE,FALSE,"0","0"
"760",8731194910,FALSE,FALSE,FALSE,"0","0"
"761",7885076307,FALSE,FALSE,FALSE,"0","0"
"762",4262112643,FALSE,TRUE,FALSE,"0","1"
"763",4286632402,FALSE,FALSE,FALSE,"0","0"
"764",11182025397,FALSE,TRUE,FALSE,"0","1"
"765",8434557322,FALSE,TRUE,FALSE,"0","1"
"766",5535709708,FALSE,FALSE,FALSE,"0","0"
"767",3880984540,FALSE,FALSE,FALSE,"0","0"
"768",688984011,FALSE,FALSE,FALSE,"0","0"
"769",757954569,FALSE,FALSE,FALSE,"0","0"
"770",4052230513,FALSE,FALSE,FALSE,"0","0"
"771",3667708745,FALSE,FALSE,FALSE,"0","0"
"772",1270561836,FALSE,TRUE,FALSE,"0","1"
"773",9988856615,FALSE,FALSE,FALSE,"0","0"
"774",3347213284,FALSE,TRUE,FALSE,"0","1"
"775",9251522346,FALSE,FALSE,FALSE,"0","0"
"776",4035268494,FALSE,FALSE,FALSE,"0","0"
"777",1636107834,FALSE,FALSE,FALSE,"0","0"
"778",9538606095,FALSE,FALSE,FALSE,"0","0"
"779",8879100646,FALSE,TRUE,FALSE,"0","1"
"780",8727556076,FALSE,FALSE,FALSE,"0","0"
"781",4125878325,FALSE,FALSE,FALSE,"0","0"
"782",3634296749,FALSE,FALSE,FALSE,"0","0"
"783",289570091,FALSE,FALSE,FALSE,"0","0"
"784",8926382548,FALSE,FALSE,FALSE,"0","0"
"785",4033097281,FALSE,FALSE,FALSE,"0","0"
"786",3820771069,FALSE,FALSE,FALSE,"0","0"
"787",8048744763,FALSE,TRUE,FALSE,"0","1"
"788",11315102573,FALSE,FALSE,FALSE,"0","0"
"789",11121444764,FALSE,FALSE,FALSE,"0","0"
"790",4424937488,FALSE,FALSE,FALSE,"0","0"
"791",4226601442,FALSE,TRUE,FALSE,"0","1"
"792",279395895,FALSE,FALSE,FALSE,"0","0"
"793",9817938835,FALSE,FALSE,FALSE,"0","0"
"794",5411745325,FALSE,TRUE,FALSE,"0","1"
"795",3628139733,FALSE,TRUE,FALSE,"0","1"
"796",8334532207,FALSE,FALSE,FALSE,"0","0"
"797",4179036555,FALSE,FALSE,FALSE,"0","0"
"798",3733131675,FALSE,FALSE,FALSE,"0","0"
"799",4244021941,FALSE,FALSE,FALSE,"0","0"
"800",5629784727,FALSE,FALSE,FALSE,"0","0"
"801",10674750069,FALSE,FALSE,FALSE,"0","0"
"802",9280815947,FALSE,FALSE,FALSE,"0","0"
"803",4168125112,FALSE,FALSE,FALSE,"0","0"
"804",9718688222,FALSE,FALSE,FALSE,"0","0"
"805",4177080026,FALSE,FALSE,FALSE,"0","0"
"806",293094176,FALSE,FALSE,FALSE,"0","0"
"807",4464637214,FALSE,FALSE,FALSE,"0","0"
"808",4059587768,FALSE,FALSE,FALSE,"0","0"
"809",8186635332,FALSE,FALSE,FALSE,"0","0"
"810",8703012899,FALSE,FALSE,FALSE,"0","0"
"811",5783787710,FALSE,TRUE,FALSE,"0","1"
"812",11341447488,FALSE,FALSE,FALSE,"0","0"
"813",3960818903,FALSE,FALSE,FALSE,"0","0"
"814",4127655904,FALSE,FALSE,FALSE,"0","0"
"815",1540848481,FALSE,TRUE,FALSE,"0","1"
"816",3323327271,FALSE,FALSE,FALSE,"0","0"
"817",3651996899,FALSE,TRUE,FALSE,"0","1"
"818",3842263210,FALSE,FALSE,FALSE,"0","0"
"819",10937421718,FALSE,FALSE,FALSE,"0","0"
"820",4202905292,FALSE,FALSE,FALSE,"0","0"
"821",3552792563,FALSE,TRUE,FALSE,"0","1"
"822",1407321140,FALSE,FALSE,FALSE,"0","0"
"823",4166423881,FALSE,FALSE,FALSE,"0","0"
"824",3652120932,FALSE,FALSE,FALSE,"0","0"
"825",8188971560,FALSE,TRUE,FALSE,"0","1"
"826",9255303512,FALSE,FALSE,FALSE,"0","0"
"827",5572522461,FALSE,TRUE,FALSE,"0","1"
"828",5004205445,FALSE,FALSE,FALSE,"0","0"
"829",4024670981,FALSE,FALSE,FALSE,"0","0"
"830",5373303896,FALSE,FALSE,FALSE,"0","0"
"831",4058071899,FALSE,FALSE,FALSE,"0","0"
"832",1223919161,FALSE,TRUE,FALSE,"0","1"
"833",268936973,FALSE,FALSE,FALSE,"0","0"
"834",9725798860,FALSE,FALSE,FALSE,"0","0"
"835",4176765542,FALSE,FALSE,FALSE,"0","0"
"836",3668757713,FALSE,FALSE,FALSE,"0","0"
"837",5365446549,FALSE,FALSE,FALSE,"0","0"
"838",8695598487,FALSE,FALSE,FALSE,"0","0"
"839",3760500572,FALSE,FALSE,FALSE,"0","0"
"840",271913730,FALSE,FALSE,FALSE,"0","0"
"841",4348595726,FALSE,TRUE,FALSE,"0","1"
"842",7917032437,FALSE,FALSE,FALSE,"0","0"
"843",4401986131,FALSE,FALSE,FALSE,"0","0"
"844",9030240380,FALSE,FALSE,FALSE,"0","0"
"845",4076885201,FALSE,TRUE,FALSE,"0","1"
"846",5771174135,FALSE,FALSE,FALSE,"0","0"
"847",4490745383,FALSE,TRUE,FALSE,"0","1"
"848",4189165050,FALSE,FALSE,FALSE,"0","0"
"849",8782031266,FALSE,FALSE,FALSE,"0","0"
"850",4169484977,FALSE,TRUE,FALSE,"0","1"
"851",5320566695,FALSE,FALSE,FALSE,"0","0"
"852",7896919103,FALSE,FALSE,FALSE,"0","0"
"853",3367034731,FALSE,TRUE,FALSE,"0","1"
"854",3882481193,FALSE,FALSE,FALSE,"0","0"
"855",9773845129,FALSE,TRUE,FALSE,"0","1"
"856",3340624416,FALSE,FALSE,FALSE,"0","0"
"857",7932034405,FALSE,FALSE,FALSE,"0","0"
"858",5436257524,FALSE,FALSE,FALSE,"0","0"
"859",10689802201,FALSE,FALSE,FALSE,"0","0"
"860",4155646099,FALSE,FALSE,FALSE,"0","0"
"861",11328774213,FALSE,FALSE,FALSE,"0","0"
"862",272559508,FALSE,FALSE,FALSE,"0","0"
"863",8405439097,FALSE,FALSE,FALSE,"0","0"
"864",4324984779,FALSE,FALSE,FALSE,"0","0"
"865",268455977,FALSE,FALSE,FALSE,"0","0"
"866",3593730078,FALSE,FALSE,FALSE,"0","0"
"867",4490743268,FALSE,FALSE,FALSE,"0","0"
"868",3590840279,FALSE,FALSE,FALSE,"0","0"
"869",723095849,FALSE,TRUE,FALSE,"0","1"
"870",4053905379,FALSE,FALSE,FALSE,"0","0"
"871",4054018966,FALSE,FALSE,FALSE,"0","0"
"872",9817639161,FALSE,FALSE,FALSE,"0","0"
"873",9763751588,FALSE,FALSE,FALSE,"0","0"
"874",4161805985,FALSE,TRUE,FALSE,"0","1"
"875",9629243934,FALSE,FALSE,FALSE,"0","0"
"876",8368591133,FALSE,FALSE,FALSE,"0","0"
"877",3825301511,FALSE,FALSE,FALSE,"0","0"
"878",3705507279,FALSE,FALSE,FALSE,"0","0"
"879",9150354547,FALSE,TRUE,FALSE,"0","1"
"880",3963066886,FALSE,TRUE,FALSE,"0","1"
"881",4348335157,FALSE,FALSE,FALSE,"0","0"
"882",1457025803,FALSE,TRUE,FALSE,"0","1"
"883",4128994204,FALSE,FALSE,FALSE,"0","0"
"884",9252969212,FALSE,FALSE,FALSE,"0","0"
"885",4429176871,FALSE,FALSE,FALSE,"0","0"
"886",313101615,FALSE,FALSE,FALSE,"0","0"
"887",3965539553,FALSE,FALSE,FALSE,"0","0"
"888",4546804556,FALSE,FALSE,FALSE,"0","0"
"889",10378819837,FALSE,FALSE,FALSE,"0","0"
"890",4122170174,FALSE,FALSE,FALSE,"0","0"
"891",4212055109,FALSE,FALSE,FALSE,"0","0"
"892",3808304968,FALSE,FALSE,FALSE,"0","0"
"893",311897815,FALSE,FALSE,FALSE,"0","0"
"894",296675417,FALSE,FALSE,FALSE,"0","0"
"895",4412680303,FALSE,TRUE,FALSE,"0","1"
"896",296335810,FALSE,FALSE,FALSE,"0","0"
"897",4345091423,FALSE,FALSE,FALSE,"0","0"
"898",9416496109,FALSE,FALSE,FALSE,"0","0"
"899",10706745315,FALSE,FALSE,FALSE,"0","0"
"900",11349933527,FALSE,FALSE,FALSE,"0","0"
"901",1644573041,FALSE,FALSE,FALSE,"0","0"
"902",3852979192,FALSE,FALSE,FALSE,"0","0"
"903",3760259823,FALSE,FALSE,FALSE,"0","0"
"904",10655615891,FALSE,FALSE,FALSE,"0","0"
"905",4001911900,FALSE,FALSE,FALSE,"0","0"
"906",9496853171,FALSE,FALSE,FALSE,"0","0"
"907",3629278486,FALSE,FALSE,FALSE,"0","0"
"908",10752411356,FALSE,FALSE,FALSE,"0","0"
"909",8804420395,FALSE,FALSE,FALSE,"0","0"
"910",3848504148,FALSE,FALSE,FALSE,"0","0"
"911",4067885449,FALSE,FALSE,FALSE,"0","0"
"912",4069084266,FALSE,FALSE,FALSE,"0","0"
"913",5361450351,FALSE,FALSE,FALSE,"0","0"
"914",10056820577,FALSE,FALSE,FALSE,"0","0"
"915",7867742026,FALSE,FALSE,FALSE,"0","0"
"916",10648725998,FALSE,FALSE,FALSE,"0","0"
"917",11352198801,FALSE,TRUE,FALSE,"0","1"
"918",9747884073,FALSE,FALSE,FALSE,"0","0"
"919",5526308752,FALSE,FALSE,FALSE,"0","0"
"920",9181255457,FALSE,FALSE,FALSE,"0","0"
"921",5524641648,FALSE,FALSE,FALSE,"0","0"
"922",11397931674,FALSE,TRUE,FALSE,"0","1"
"923",3917438284,FALSE,FALSE,FALSE,"0","0"
"924",4536179826,FALSE,FALSE,FALSE,"0","0"
"925",300935199,FALSE,FALSE,FALSE,"0","0"
"926",8713463919,FALSE,TRUE,FALSE,"0","1"
"927",10693693693,FALSE,FALSE,FALSE,"0","0"
"928",11396815937,FALSE,FALSE,FALSE,"0","0"
"929",5366064243,FALSE,FALSE,FALSE,"0","0"
"930",1169834135,FALSE,FALSE,FALSE,"0","0"
"931",3330265610,FALSE,TRUE,FALSE,"0","1"
"932",8771938673,FALSE,FALSE,FALSE,"0","0"
"933",4180937427,FALSE,FALSE,FALSE,"0","0"
"934",4516909397,FALSE,FALSE,FALSE,"0","0"
"935",4351119964,FALSE,FALSE,FALSE,"0","0"
"936",4156379976,FALSE,TRUE,FALSE,"0","1"
"937",5347688992,FALSE,FALSE,FALSE,"0","0"
"938",5356396350,FALSE,FALSE,FALSE,"0","0"
"939",1579496657,FALSE,FALSE,FALSE,"0","0"
"940",9370511160,FALSE,TRUE,FALSE,"0","1"
"941",4222250880,FALSE,FALSE,FALSE,"0","0"
"942",9319181757,FALSE,FALSE,FALSE,"0","0"
"943",11007859743,FALSE,FALSE,FALSE,"0","0"
"944",1338570473,FALSE,TRUE,FALSE,"0","1"
"945",5719498556,FALSE,FALSE,FALSE,"0","0"
"946",4057878877,FALSE,FALSE,FALSE,"0","0"
"947",5366253586,FALSE,FALSE,FALSE,"0","0"
"948",1648472388,FALSE,FALSE,FALSE,"0","0"
"949",4084426063,FALSE,FALSE,FALSE,"0","0"
"950",3629542248,FALSE,FALSE,FALSE,"0","0"
"951",3750143747,FALSE,FALSE,FALSE,"0","0"
"952",5678902886,FALSE,FALSE,FALSE,"0","0"
"953",282366866,FALSE,FALSE,FALSE,"0","0"
"954",4133316190,FALSE,TRUE,FALSE,"0","1"
"955",10526344390,FALSE,FALSE,FALSE,"0","0"
"956",9028902216,FALSE,FALSE,FALSE,"0","0"
"957",9365529330,FALSE,FALSE,FALSE,"0","0"
"958",4128680635,FALSE,FALSE,FALSE,"0","0"
"959",4516754317,FALSE,FALSE,FALSE,"0","0"
"960",4015533761,FALSE,FALSE,FALSE,"0","0"
"961",1607151743,FALSE,TRUE,FALSE,"0","1"
"962",10484845320,FALSE,TRUE,FALSE,"0","1"
"963",8871716494,FALSE,FALSE,FALSE,"0","0"
"964",8162147011,FALSE,FALSE,FALSE,"0","0"
"965",9252062083,FALSE,FALSE,FALSE,"0","0"
"966",10145024088,FALSE,FALSE,FALSE,"0","0"
"967",8533287049,FALSE,FALSE,FALSE,"0","0"
"968",8592988242,FALSE,FALSE,FALSE,"0","0"
"969",4257883286,FALSE,FALSE,FALSE,"0","0"
"970",9051728384,FALSE,FALSE,FALSE,"0","0"
"971",3673927851,FALSE,FALSE,FALSE,"0","0"
"972",727379523,FALSE,TRUE,FALSE,"0","1"
"973",282059786,FALSE,FALSE,FALSE,"0","0"
"974",4033719774,FALSE,FALSE,FALSE,"0","0"
"975",9180594515,FALSE,FALSE,FALSE,"0","0"
"976",4087210715,FALSE,FALSE,FALSE,"0","0"
"977",4121257188,FALSE,FALSE,FALSE,"0","0"
"978",1286266008,FALSE,FALSE,FALSE,"0","0"
"979",3324029413,FALSE,FALSE,FALSE,"0","0"
"980",8997830209,FALSE,FALSE,FALSE,"0","0"
"981",279970021,FALSE,FALSE,FALSE,"0","0"
"982",4175609816,FALSE,FALSE,FALSE,"0","0"
"983",9440877035,FALSE,TRUE,FALSE,"0","1"
"984",10522719806,FALSE,FALSE,FALSE,"0","0"
"985",4414557243,FALSE,FALSE,FALSE,"0","0"
"986",3371594931,FALSE,FALSE,FALSE,"0","0"
"987",4249256690,FALSE,FALSE,FALSE,"0","0"
"988",8932520301,FALSE,FALSE,FALSE,"0","0"
"989",8458839660,FALSE,FALSE,FALSE,"0","0"
"990",9855560768,FALSE,FALSE,FALSE,"0","0"
"991",11214880774,FALSE,FALSE,FALSE,"0","0"
"992",10652152340,FALSE,FALSE,FALSE,"0","0"
"993",4213923528,FALSE,TRUE,FALSE,"0","1"
"994",10688910185,FALSE,FALSE,FALSE,"0","0"
"995",3371231322,FALSE,FALSE,FALSE,"0","0"
"996",3665586222,FALSE,FALSE,FALSE,"0","0"
"997",9118228170,FALSE,TRUE,FALSE,"0","1"
"998",4165887815,FALSE,FALSE,FALSE,"0","0"
"999",10711063226,FALSE,TRUE,FALSE,"0","1"
"1000",4157030854,FALSE,FALSE,FALSE,"0","0"
"1001",5737700361,FALSE,FALSE,FALSE,"0","0"
"1002",1361128458,FALSE,FALSE,FALSE,"0","0"
"1003",3766220690,FALSE,FALSE,FALSE,"0","0"
"1004",4440389526,FALSE,FALSE,FALSE,"0","0"
"1005",3665866285,FALSE,FALSE,FALSE,"0","0"
"1006",4249998570,FALSE,FALSE,FALSE,"0","0"
"1007",4183981216,FALSE,FALSE,FALSE,"0","0"
"1008",4257002517,FALSE,FALSE,FALSE,"0","0"
"1009",4293695825,FALSE,FALSE,FALSE,"0","0"
"1010",4017331789,FALSE,FALSE,FALSE,"0","0"
"1011",8741835605,FALSE,TRUE,FALSE,"0","1"
"1012",9000702513,FALSE,FALSE,FALSE,"0","0"
"1013",9006409922,FALSE,TRUE,FALSE,"0","1"
"1014",11158202290,FALSE,TRUE,FALSE,"0","1"
"1015",3650467590,FALSE,FALSE,FALSE,"0","0"
"1016",3295471851,FALSE,FALSE,FALSE,"0","0"
"1017",4057963999,FALSE,FALSE,FALSE,"0","0"
"1018",9317226281,FALSE,FALSE,FALSE,"0","0"
"1019",3372813639,FALSE,TRUE,FALSE,"0","1"
"1020",4555769992,FALSE,FALSE,FALSE,"0","0"
"1021",10104384871,FALSE,TRUE,FALSE,"0","1"
"1022",1519081945,FALSE,FALSE,FALSE,"0","0"
"1023",5476158337,FALSE,FALSE,FALSE,"0","0"
"1024",4494778651,FALSE,FALSE,FALSE,"0","0"
"1025",1574106946,FALSE,FALSE,FALSE,"0","0"
"1026",8306425366,FALSE,FALSE,FALSE,"0","0"
"1027",275574865,FALSE,FALSE,FALSE,"0","0"
"1028",9864815059,FALSE,FALSE,FALSE,"0","0"
"1029",7996336763,FALSE,FALSE,FALSE,"0","0"
"1030",4088321971,FALSE,FALSE,FALSE,"0","0"
"1031",4402359523,FALSE,FALSE,FALSE,"0","0"
"1032",9888496054,FALSE,FALSE,FALSE,"0","0"
"1033",4354980378,FALSE,FALSE,FALSE,"0","0"
"1034",8923372661,FALSE,FALSE,FALSE,"0","0"
"1035",3300035319,FALSE,FALSE,FALSE,"0","0"
"1036",3604014940,FALSE,FALSE,FALSE,"0","0"
"1037",291877377,FALSE,FALSE,FALSE,"0","0"
"1038",4062218105,FALSE,FALSE,FALSE,"0","0"
"1039",4310343162,FALSE,FALSE,FALSE,"0","0"
"1040",3958620723,FALSE,FALSE,FALSE,"0","0"
"1041",707008337,FALSE,TRUE,FALSE,"0","1"
"1042",9223353169,FALSE,FALSE,FALSE,"0","0"
"1043",9410655463,FALSE,FALSE,FALSE,"0","0"
"1044",7901411534,FALSE,FALSE,FALSE,"0","0"
"1045",4057601981,FALSE,FALSE,FALSE,"0","0"
"1046",4562248332,FALSE,FALSE,FALSE,"0","0"
"1047",9701418357,FALSE,FALSE,FALSE,"0","0"
"1048",5665116692,FALSE,TRUE,FALSE,"0","1"
"1049",1459793168,FALSE,TRUE,FALSE,"0","1"
"1050",302451507,FALSE,FALSE,FALSE,"0","0"
"1051",5428282015,FALSE,FALSE,FALSE,"0","0"
"1052",4059436026,FALSE,FALSE,FALSE,"0","0"
"1053",4143554243,FALSE,FALSE,FALSE,"0","0"
"1054",4326844123,FALSE,FALSE,FALSE,"0","0"
"1055",1073115791,FALSE,FALSE,FALSE,"0","0"
"1056",11216994530,FALSE,FALSE,FALSE,"0","0"
"1057",10539073551,FALSE,FALSE,FALSE,"0","0"
"1058",4422482234,FALSE,TRUE,FALSE,"0","1"
"1059",285934525,FALSE,FALSE,FALSE,"0","0"
"1060",9949737153,FALSE,FALSE,FALSE,"0","0"
"1061",10216721762,FALSE,FALSE,FALSE,"0","0"
"1062",3821291043,FALSE,FALSE,FALSE,"0","0"
"1063",286830457,FALSE,FALSE,FALSE,"0","0"
"1064",4204976164,FALSE,FALSE,FALSE,"0","0"
"1065",3641159208,FALSE,FALSE,FALSE,"0","0"
"1066",4228937031,FALSE,FALSE,FALSE,"0","0"
"1067",4015491650,FALSE,FALSE,FALSE,"0","0"
"1068",9370034018,FALSE,FALSE,FALSE,"0","0"
"1069",9714901105,FALSE,TRUE,FALSE,"0","1"
"1070",8317316709,FALSE,TRUE,FALSE,"0","1"
"1071",4408451375,FALSE,FALSE,FALSE,"0","0"
"1072",3988577679,FALSE,FALSE,FALSE,"0","0"
"1073",8339540911,FALSE,TRUE,FALSE,"0","1"
"1074",4093640511,FALSE,FALSE,FALSE,"0","0"
"1075",9360889457,FALSE,FALSE,FALSE,"0","0"
"1076",301305430,FALSE,FALSE,FALSE,"0","0"
"1077",7896894534,FALSE,FALSE,FALSE,"0","0"
"1078",306170097,FALSE,FALSE,FALSE,"0","0"
"1079",290139982,FALSE,TRUE,FALSE,"0","1"
"1080",4466334522,FALSE,FALSE,FALSE,"0","0"
"1081",8262541430,FALSE,FALSE,FALSE,"0","0"
"1082",3638035326,FALSE,FALSE,FALSE,"0","0"
"1083",10609010095,FALSE,FALSE,FALSE,"0","0"
"1084",9189285674,FALSE,FALSE,FALSE,"0","0"
"1085",9336880932,FALSE,FALSE,FALSE,"0","0"
"1086",10294890170,FALSE,TRUE,FALSE,"0","1"
"1087",4319376529,FALSE,FALSE,FALSE,"0","0"
"1088",4567150656,FALSE,FALSE,FALSE,"0","0"
"1089",3567882891,FALSE,TRUE,FALSE,"0","1"
"1090",4491981704,FALSE,TRUE,FALSE,"0","1"
"1091",9842371599,FALSE,FALSE,FALSE,"0","0"
"1092",4336885022,FALSE,FALSE,FALSE,"0","0"
"1093",3593984086,FALSE,FALSE,FALSE,"0","0"
"1094",3500619607,FALSE,FALSE,FALSE,"0","0"
"1095",5598029339,FALSE,FALSE,FALSE,"0","0"
"1096",4401113300,FALSE,FALSE,FALSE,"0","0"
"1097",9283773561,FALSE,FALSE,FALSE,"0","0"
"1098",290740678,FALSE,FALSE,FALSE,"0","0"
"1099",3818258882,FALSE,TRUE,FALSE,"0","1"
"1100",3818262102,FALSE,TRUE,FALSE,"0","1"
"1101",8276921921,FALSE,FALSE,FALSE,"0","0"
"1102",3750388926,FALSE,TRUE,FALSE,"0","1"
"1103",4042480234,FALSE,FALSE,FALSE,"0","0"
"1104",4029904766,FALSE,FALSE,FALSE,"0","0"
"1105",4519586869,FALSE,FALSE,FALSE,"0","0"
"1106",10013241320,FALSE,FALSE,FALSE,"0","0"
"1107",3336362126,FALSE,FALSE,FALSE,"0","0"
"1108",3701241597,FALSE,FALSE,FALSE,"0","0"
"1109",4198634161,FALSE,FALSE,FALSE,"0","0"
"1110",4509044560,FALSE,FALSE,FALSE,"0","0"
"1111",4207759575,FALSE,FALSE,FALSE,"0","0"
"1112",4208881503,FALSE,FALSE,FALSE,"0","0"
"1113",4480735435,FALSE,FALSE,FALSE,"0","0"
"1114",4326877064,FALSE,FALSE,FALSE,"0","0"
"1115",281086606,FALSE,FALSE,FALSE,"0","0"
"1116",4071688100,FALSE,FALSE,FALSE,"0","0"
"1117",4145565410,FALSE,TRUE,FALSE,"0","1"
"1118",3678786291,FALSE,FALSE,FALSE,"0","0"
"1119",11008582569,FALSE,TRUE,FALSE,"0","1"
"1120",9074924206,FALSE,TRUE,FALSE,"0","1"
"1121",4464388761,FALSE,TRUE,FALSE,"0","1"
"1122",4259518421,FALSE,FALSE,FALSE,"0","0"
"1123",8598558896,FALSE,FALSE,FALSE,"0","0"
"1124",10780956454,FALSE,FALSE,FALSE,"0","0"
"1125",4058108546,FALSE,TRUE,FALSE,"0","1"
"1126",4351012656,FALSE,FALSE,FALSE,"0","0"
"1127",3593689660,FALSE,TRUE,FALSE,"0","1"
"1128",4062335691,FALSE,FALSE,FALSE,"0","0"
"1129",4391699316,FALSE,FALSE,FALSE,"0","0"
"1130",4051250460,FALSE,TRUE,FALSE,"0","1"
"1131",4171713124,FALSE,FALSE,FALSE,"0","0"
"1132",5435981864,FALSE,FALSE,FALSE,"0","0"
"1133",3744853432,FALSE,FALSE,FALSE,"0","0"
"1134",4144867650,FALSE,FALSE,FALSE,"0","0"
"1135",11254955180,FALSE,FALSE,FALSE,"0","0"
"1136",310140987,FALSE,FALSE,FALSE,"0","0"
"1137",3721424833,FALSE,FALSE,FALSE,"0","0"
"1138",3776339520,FALSE,FALSE,FALSE,"0","0"
"1139",10785897442,FALSE,FALSE,FALSE,"0","0"
"1140",3799635009,FALSE,FALSE,FALSE,"0","0"
"1141",10289613210,FALSE,FALSE,FALSE,"0","0"
"1142",8927386066,FALSE,FALSE,FALSE,"0","0"
"1143",5660151124,FALSE,TRUE,FALSE,"0","1"
"1144",278483294,FALSE,FALSE,FALSE,"0","0"
"1145",10016542662,FALSE,FALSE,FALSE,"0","0"
"1146",280995312,FALSE,FALSE,FALSE,"0","0"
"1147",3342631072,FALSE,FALSE,FALSE,"0","0"
"1148",4057885635,FALSE,FALSE,FALSE,"0","0"
"1149",7885238640,FALSE,FALSE,FALSE,"0","0"
"1150",4490943266,FALSE,FALSE,FALSE,"0","0"
"1151",3706809415,FALSE,FALSE,FALSE,"0","0"
"1152",5662184991,FALSE,FALSE,FALSE,"0","0"
"1153",4276089647,FALSE,FALSE,FALSE,"0","0"
"1154",4162993795,FALSE,FALSE,FALSE,"0","0"
"1155",4329067895,FALSE,FALSE,FALSE,"0","0"
"1156",9544989542,FALSE,FALSE,FALSE,"0","0"
"1157",3622691958,FALSE,FALSE,FALSE,"0","0"
"1158",3832943283,FALSE,FALSE,FALSE,"0","0"
"1159",4137499976,FALSE,TRUE,FALSE,"0","1"
"1160",3662579621,FALSE,FALSE,FALSE,"0","0"
"1161",4001781987,FALSE,FALSE,FALSE,"0","0"
"1162",4204865509,FALSE,FALSE,FALSE,"0","0"
"1163",9862066307,FALSE,FALSE,FALSE,"0","0"
"1164",8336907234,FALSE,FALSE,FALSE,"0","0"
"1165",8124378585,FALSE,FALSE,FALSE,"0","0"
"1166",4068099847,FALSE,FALSE,FALSE,"0","0"
"1167",1466356703,FALSE,FALSE,FALSE,"0","0"
"1168",9614562549,FALSE,FALSE,FALSE,"0","0"
"1169",3325079480,FALSE,FALSE,FALSE,"0","0"
"1170",3752684798,FALSE,FALSE,FALSE,"0","0"
"1171",4241942944,FALSE,FALSE,FALSE,"0","0"
"1172",9180829172,FALSE,FALSE,FALSE,"0","0"
"1173",10195992856,FALSE,FALSE,FALSE,"0","0"
"1174",3688746450,FALSE,FALSE,FALSE,"0","0"
"1175",4344108850,FALSE,FALSE,FALSE,"0","0"
"1176",7939322862,FALSE,FALSE,FALSE,"0","0"
"1177",5660107303,FALSE,FALSE,FALSE,"0","0"
"1178",4304136909,FALSE,FALSE,FALSE,"0","0"
"1179",4205605669,FALSE,FALSE,FALSE,"0","0"
"1180",5558957191,FALSE,FALSE,FALSE,"0","0"
"1181",10630219351,FALSE,FALSE,FALSE,"0","0"
"1182",4045368838,FALSE,FALSE,FALSE,"0","0"
"1183",9498695533,FALSE,FALSE,FALSE,"0","0"
"1184",8292975980,FALSE,FALSE,FALSE,"0","0"
"1185",3837830874,FALSE,TRUE,FALSE,"0","1"
"1186",3756506652,FALSE,FALSE,FALSE,"0","0"
"1187",1403755336,FALSE,FALSE,FALSE,"0","0"
"1188",4202609480,FALSE,FALSE,FALSE,"0","0"
"1189",3330609906,FALSE,TRUE,FALSE,"0","1"
"1190",10076738379,FALSE,FALSE,FALSE,"0","0"
"1191",1270317404,FALSE,TRUE,FALSE,"0","1"
"1192",3846258803,FALSE,FALSE,FALSE,"0","0"
"1193",7896731660,FALSE,FALSE,FALSE,"0","0"
"1194",4261934967,FALSE,FALSE,FALSE,"0","0"
"1195",1262843971,FALSE,FALSE,FALSE,"0","0"
"1196",4059659696,FALSE,FALSE,FALSE,"0","0"
"1197",4242034482,FALSE,FALSE,FALSE,"0","0"
"1198",11339904625,FALSE,FALSE,FALSE,"0","0"
"1199",3751117286,FALSE,FALSE,FALSE,"0","0"
"1200",10546914690,FALSE,TRUE,FALSE,"0","1"
"1201",272409360,FALSE,FALSE,FALSE,"0","0"
"1202",7888321820,FALSE,FALSE,FALSE,"0","0"
"1203",1636141403,FALSE,FALSE,FALSE,"0","0"
"1204",3663266564,FALSE,FALSE,FALSE,"0","0"
"1205",3347227225,FALSE,TRUE,FALSE,"0","1"
"1206",5665825587,FALSE,FALSE,FALSE,"0","0"
"1207",10171138883,FALSE,FALSE,FALSE,"0","0"
"1208",3997955420,FALSE,FALSE,FALSE,"0","0"
"1209",10470038231,FALSE,FALSE,FALSE,"0","0"
"1210",1305424217,FALSE,FALSE,FALSE,"0","0"
"1211",10759670220,FALSE,FALSE,FALSE,"0","0"
"1212",8775053093,FALSE,FALSE,FALSE,"0","0"
"1213",1294906455,FALSE,FALSE,FALSE,"0","0"
"1214",8167404818,FALSE,FALSE,FALSE,"0","0"
"1215",4198374764,FALSE,FALSE,FALSE,"0","0"
"1216",9620625388,FALSE,FALSE,FALSE,"0","0"
"1217",5323994398,FALSE,TRUE,FALSE,"0","1"
"1218",5702971323,FALSE,FALSE,FALSE,"0","0"
"1219",1055646909,FALSE,TRUE,FALSE,"0","1"
"1220",3716518026,FALSE,FALSE,FALSE,"0","0"
"1221",9531260993,FALSE,FALSE,FALSE,"0","0"
"1222",9664086455,FALSE,FALSE,FALSE,"0","0"
"1223",4211394746,FALSE,FALSE,FALSE,"0","0"
"1224",4178096767,FALSE,FALSE,FALSE,"0","0"
"1225",3358368645,FALSE,TRUE,FALSE,"0","1"
"1226",3578923789,FALSE,TRUE,FALSE,"0","1"
"1227",9790137937,FALSE,FALSE,FALSE,"0","0"
"1228",8521171165,FALSE,FALSE,FALSE,"0","0"
"1229",1056176926,FALSE,TRUE,FALSE,"0","1"
"1230",9000795250,FALSE,FALSE,FALSE,"0","0"
"1231",8301134296,FALSE,FALSE,FALSE,"0","0"
"1232",8386334408,FALSE,FALSE,FALSE,"0","0"
"1233",11063251240,FALSE,FALSE,FALSE,"0","0"
"1234",4252663658,FALSE,FALSE,FALSE,"0","0"
"1235",3946842890,FALSE,FALSE,FALSE,"0","0"
"1236",8451546091,FALSE,FALSE,FALSE,"0","0"
"1237",4502227092,FALSE,TRUE,FALSE,"0","1"
"1238",3720803482,FALSE,FALSE,FALSE,"0","0"
"1239",307237614,FALSE,FALSE,FALSE,"0","0"
"1240",10709659802,FALSE,TRUE,FALSE,"0","1"
"1241",4414031561,FALSE,FALSE,FALSE,"0","0"
"1242",11400939286,FALSE,TRUE,FALSE,"0","1"
"1243",8334563528,FALSE,FALSE,FALSE,"0","0"
"1244",4483257864,FALSE,TRUE,FALSE,"0","1"
"1245",9043261925,FALSE,FALSE,FALSE,"0","0"
"1246",1022774127,FALSE,TRUE,FALSE,"0","1"
"1247",4144536738,FALSE,FALSE,FALSE,"0","0"
"1248",5316594923,FALSE,FALSE,FALSE,"0","0"
"1249",3666549268,FALSE,FALSE,FALSE,"0","0"
"1250",5498313752,FALSE,TRUE,FALSE,"0","1"
"1251",8075271638,FALSE,FALSE,FALSE,"0","0"
"1252",3944658312,FALSE,FALSE,FALSE,"0","0"
"1253",10522274413,FALSE,FALSE,FALSE,"0","0"
"1254",773258692,FALSE,TRUE,FALSE,"0","1"
"1255",7885158982,FALSE,FALSE,FALSE,"0","0"
"1256",4013564860,FALSE,FALSE,FALSE,"0","0"
"1257",1321047535,FALSE,FALSE,FALSE,"0","0"
"1258",10149795753,FALSE,FALSE,FALSE,"0","0"
"1259",1508725083,FALSE,FALSE,FALSE,"0","0"
"1260",4292839855,FALSE,FALSE,FALSE,"0","0"
"1261",10674751293,FALSE,FALSE,FALSE,"0","0"
"1262",4203849159,FALSE,TRUE,FALSE,"0","1"
"1263",4388905752,FALSE,FALSE,FALSE,"0","0"
"1264",3361726562,FALSE,FALSE,FALSE,"0","0"
"1265",9245821262,FALSE,FALSE,FALSE,"0","0"
"1266",4291151363,FALSE,FALSE,FALSE,"0","0"
"1267",4530802122,FALSE,FALSE,FALSE,"0","0"
"1268",8807426897,FALSE,FALSE,FALSE,"0","0"
"1269",4090702670,FALSE,TRUE,FALSE,"0","1"
"1270",1302029826,FALSE,FALSE,FALSE,"0","0"
"1271",7900956144,FALSE,FALSE,FALSE,"0","0"
"1272",4362118589,FALSE,FALSE,FALSE,"0","0"
"1273",1446817839,FALSE,TRUE,FALSE,"0","1"
"1274",4069070117,FALSE,FALSE,FALSE,"0","0"
"1275",11323356335,FALSE,FALSE,FALSE,"0","0"
"1276",4059007437,FALSE,FALSE,FALSE,"0","0"
"1277",3885034419,FALSE,FALSE,FALSE,"0","0"
"1278",7897204763,FALSE,FALSE,FALSE,"0","0"
"1279",8539222653,FALSE,FALSE,FALSE,"0","0"
"1280",9365851675,FALSE,FALSE,FALSE,"0","0"
"1281",1427601903,FALSE,FALSE,FALSE,"0","0"
"1282",8934844876,FALSE,FALSE,FALSE,"0","0"
"1283",5654165085,FALSE,FALSE,FALSE,"0","0"
"1284",767277421,FALSE,FALSE,FALSE,"0","0"
"1285",10096219272,FALSE,FALSE,FALSE,"0","0"
"1286",9269442209,FALSE,FALSE,FALSE,"0","0"
"1287",295741560,FALSE,FALSE,FALSE,"0","0"
"1288",11362204004,FALSE,TRUE,FALSE,"0","1"
"1289",10655636627,FALSE,FALSE,FALSE,"0","0"
"1290",9389576149,FALSE,FALSE,FALSE,"0","0"
"1291",3592522854,FALSE,FALSE,FALSE,"0","0"
"1292",11028642216,FALSE,FALSE,FALSE,"0","0"
"1293",4010930804,FALSE,FALSE,FALSE,"0","0"
"1294",4114032792,FALSE,FALSE,FALSE,"0","0"
"1295",4427328353,FALSE,FALSE,FALSE,"0","0"
"1296",8962557201,FALSE,FALSE,FALSE,"0","0"
"1297",3637367097,FALSE,FALSE,FALSE,"0","0"
"1298",914681914,FALSE,FALSE,FALSE,"0","0"
"1299",3808223274,FALSE,FALSE,FALSE,"0","0"
"1300",10191647415,FALSE,FALSE,FALSE,"0","0"
"1301",4388934507,FALSE,FALSE,FALSE,"0","0"
"1302",8726630885,FALSE,FALSE,FALSE,"0","0"
"1303",277570540,FALSE,FALSE,FALSE,"0","0"
"1304",10956705857,FALSE,TRUE,FALSE,"0","1"
"1305",294710493,FALSE,FALSE,FALSE,"0","0"
"1306",11342304979,FALSE,FALSE,FALSE,"0","0"
"1307",10100242164,FALSE,FALSE,FALSE,"0","0"
"1308",3308198070,FALSE,FALSE,FALSE,"0","0"
"1309",3968238712,FALSE,FALSE,FALSE,"0","0"
"1310",9104614860,FALSE,FALSE,FALSE,"0","0"
"1311",10912609551,FALSE,FALSE,FALSE,"0","0"
"1312",3546740679,FALSE,TRUE,FALSE,"0","1"
"1313",7898503977,FALSE,FALSE,FALSE,"0","0"
"1314",9052610662,FALSE,FALSE,FALSE,"0","0"
"1315",9378406217,FALSE,FALSE,FALSE,"0","0"
"1316",4346867962,FALSE,FALSE,FALSE,"0","0"
"1317",4212288129,FALSE,TRUE,FALSE,"0","1"
"1318",7896800131,FALSE,TRUE,FALSE,"0","1"
"1319",5313701731,FALSE,FALSE,FALSE,"0","0"
"1320",276646701,FALSE,FALSE,FALSE,"0","0"
"1321",9876493254,FALSE,FALSE,FALSE,"0","0"
"1322",3395789089,FALSE,TRUE,FALSE,"0","1"
"1323",9521833002,FALSE,TRUE,FALSE,"0","1"
"1324",3327435651,FALSE,TRUE,FALSE,"0","1"
"1325",4042207165,FALSE,FALSE,FALSE,"0","0"
"1326",3530716178,FALSE,FALSE,FALSE,"0","0"
"1327",4220496765,FALSE,TRUE,FALSE,"0","1"
"1328",4319587390,FALSE,FALSE,FALSE,"0","0"
"1329",9631848581,FALSE,FALSE,FALSE,"0","0"
"1330",7896831001,FALSE,FALSE,FALSE,"0","0"
"1331",9947258582,FALSE,FALSE,FALSE,"0","0"
"1332",10951566356,FALSE,FALSE,FALSE,"0","0"
"1333",10308817205,FALSE,FALSE,FALSE,"0","0"
"1334",4233055799,FALSE,FALSE,FALSE,"0","0"
"1335",3596580780,FALSE,FALSE,FALSE,"0","0"
"1336",8165476712,FALSE,FALSE,FALSE,"0","0"
"1337",10010104002,FALSE,FALSE,FALSE,"0","0"
"1338",4557803881,FALSE,FALSE,FALSE,"0","0"
"1339",3808269184,FALSE,FALSE,FALSE,"0","0"
"1340",8943564396,FALSE,FALSE,FALSE,"0","0"
"1341",4148946979,FALSE,FALSE,FALSE,"0","0"
"1342",4158137288,FALSE,FALSE,FALSE,"0","0"
"1343",4032659774,FALSE,FALSE,FALSE,"0","0"
"1344",4317176642,FALSE,TRUE,FALSE,"0","1"
"1345",279718139,FALSE,FALSE,FALSE,"0","0"
"1346",4175104627,FALSE,TRUE,FALSE,"0","1"
"1347",5523571315,FALSE,FALSE,FALSE,"0","0"
"1348",4518476709,FALSE,FALSE,FALSE,"0","0"
"1349",4206107533,FALSE,FALSE,FALSE,"0","0"
"1350",5549572796,FALSE,FALSE,FALSE,"0","0"
"1351",4465802309,FALSE,FALSE,FALSE,"0","0"
"1352",4026451386,FALSE,FALSE,FALSE,"0","0"
"1353",10531597617,FALSE,FALSE,FALSE,"0","0"
"1354",9363455886,FALSE,TRUE,FALSE,"0","1"
"1355",3547396958,FALSE,FALSE,FALSE,"0","0"
"1356",4200673294,FALSE,FALSE,FALSE,"0","0"
"1357",3682301301,FALSE,FALSE,FALSE,"0","0"
"1358",9314945794,FALSE,FALSE,FALSE,"0","0"
"1359",4115840576,FALSE,FALSE,FALSE,"0","0"
"1360",3782515877,FALSE,FALSE,FALSE,"0","0"
"1361",9463854356,FALSE,FALSE,FALSE,"0","0"
"1362",9845169562,FALSE,FALSE,FALSE,"0","0"
"1363",10070872875,FALSE,FALSE,FALSE,"0","0"
"1364",4169315091,FALSE,FALSE,FALSE,"0","0"
"1365",7926302451,FALSE,FALSE,FALSE,"0","0"
"1366",8596043152,FALSE,FALSE,FALSE,"0","0"
"1367",10441274075,FALSE,FALSE,FALSE,"0","0"
"1368",711389204,FALSE,FALSE,FALSE,"0","0"
"1369",3709661225,FALSE,FALSE,FALSE,"0","0"
"1370",9755648559,FALSE,FALSE,FALSE,"0","0"
"1371",1256217461,FALSE,FALSE,FALSE,"0","0"
"1372",1216702404,FALSE,TRUE,FALSE,"0","1"
"1373",3657994231,FALSE,FALSE,FALSE,"0","0"
"1374",9365970178,FALSE,FALSE,FALSE,"0","0"
"1375",3969507947,FALSE,FALSE,FALSE,"0","0"
"1376",4478881335,FALSE,FALSE,FALSE,"0","0"
"1377",4344330376,FALSE,FALSE,FALSE,"0","0"
"1378",1632342750,FALSE,FALSE,FALSE,"0","0"
"1379",7925233945,FALSE,FALSE,FALSE,"0","0"
"1380",3791307854,FALSE,FALSE,FALSE,"0","0"
"1381",7851558462,FALSE,FALSE,FALSE,"0","0"
"1382",4265983246,FALSE,TRUE,FALSE,"0","1"
"1383",3994504904,FALSE,FALSE,FALSE,"0","0"
"1384",4361391262,FALSE,TRUE,FALSE,"0","1"
"1385",10079520878,FALSE,FALSE,FALSE,"0","0"
"1386",8993467058,FALSE,FALSE,FALSE,"0","0"
"1387",8399188454,FALSE,FALSE,FALSE,"0","0"
"1388",4127947018,FALSE,TRUE,FALSE,"0","1"
"1389",8902336620,FALSE,FALSE,FALSE,"0","0"
"1390",9004329961,FALSE,TRUE,FALSE,"0","1"
"1391",3665270420,FALSE,FALSE,FALSE,"0","0"
"1392",4175007878,FALSE,TRUE,FALSE,"0","1"
"1393",9319255430,FALSE,FALSE,FALSE,"0","0"
"1394",8432743275,FALSE,FALSE,FALSE,"0","0"
"1395",4518672567,FALSE,TRUE,FALSE,"0","1"
"1396",4458254407,FALSE,FALSE,FALSE,"0","0"
"1397",7896707478,FALSE,FALSE,FALSE,"0","0"
"1398",7933067091,FALSE,FALSE,FALSE,"0","0"
"1399",307653685,FALSE,FALSE,FALSE,"0","0"
"1400",1576116969,FALSE,TRUE,FALSE,"0","1"
"1401",3703232502,FALSE,FALSE,FALSE,"0","0"
"1402",10694063015,FALSE,FALSE,FALSE,"0","0"
"1403",4264788910,FALSE,FALSE,FALSE,"0","0"
"1404",9430778111,FALSE,FALSE,FALSE,"0","0"
"1405",8624162820,FALSE,TRUE,FALSE,"0","1"
"1406",4074618922,FALSE,FALSE,FALSE,"0","0"
"1407",4144162544,FALSE,TRUE,FALSE,"0","1"
"1408",3324216028,FALSE,TRUE,FALSE,"0","1"
"1409",4166918161,FALSE,FALSE,FALSE,"0","0"
"1410",10567094335,FALSE,FALSE,FALSE,"0","0"
"1411",9948112906,FALSE,FALSE,FALSE,"0","0"
"1412",3945982184,FALSE,FALSE,FALSE,"0","0"
"1413",1598417264,FALSE,FALSE,FALSE,"0","0"
"1414",9958623452,FALSE,FALSE,FALSE,"0","0"
"1415",5338025757,FALSE,FALSE,FALSE,"0","0"
"1416",5614533758,FALSE,FALSE,FALSE,"0","0"
"1417",3917647930,FALSE,FALSE,FALSE,"0","0"
"1418",4202966754,FALSE,FALSE,FALSE,"0","0"
"1419",9476312337,FALSE,FALSE,FALSE,"0","0"
"1420",3704624504,FALSE,FALSE,FALSE,"0","0"
"1421",4127625349,FALSE,FALSE,FALSE,"0","0"
"1422",4429950916,FALSE,FALSE,FALSE,"0","0"
"1423",4101961748,FALSE,FALSE,FALSE,"0","0"
"1424",10679029674,FALSE,FALSE,FALSE,"0","0"
"1425",4170666173,FALSE,FALSE,FALSE,"0","0"
"1426",4143855870,FALSE,FALSE,FALSE,"0","0"
"1427",9320908794,FALSE,FALSE,FALSE,"0","0"
"1428",284432930,FALSE,FALSE,FALSE,"0","0"
"1429",4313586113,FALSE,FALSE,FALSE,"0","0"
"1430",277479218,FALSE,FALSE,FALSE,"0","0"
"1431",4241810526,FALSE,TRUE,FALSE,"0","1"
"1432",9398352161,FALSE,FALSE,FALSE,"0","0"
"1433",4317163178,FALSE,TRUE,FALSE,"0","1"
"1434",8570913259,FALSE,FALSE,FALSE,"0","0"
"1435",5725926207,FALSE,TRUE,FALSE,"0","1"
"1436",3814607501,FALSE,FALSE,FALSE,"0","0"
"1437",3985950471,FALSE,FALSE,FALSE,"0","0"
"1438",10782229880,FALSE,FALSE,FALSE,"0","0"
"1439",4155954565,FALSE,FALSE,FALSE,"0","0"
"1440",10485807475,FALSE,FALSE,FALSE,"0","0"
"1441",3842718198,FALSE,FALSE,FALSE,"0","0"
"1442",4182181613,FALSE,FALSE,FALSE,"0","0"
"1443",4003454382,FALSE,FALSE,FALSE,"0","0"
"1444",3688323314,FALSE,TRUE,FALSE,"0","1"
"1445",1289028555,FALSE,TRUE,FALSE,"0","1"
"1446",4170345601,FALSE,FALSE,FALSE,"0","0"
"1447",10902421961,FALSE,FALSE,FALSE,"0","0"
"1448",9173575338,FALSE,FALSE,FALSE,"0","0"
"1449",10441420962,FALSE,FALSE,FALSE,"0","0"
"1450",7888174860,FALSE,FALSE,FALSE,"0","0"
"1451",9707580096,FALSE,FALSE,FALSE,"0","0"
"1452",8251056510,FALSE,TRUE,FALSE,"0","1"
"1453",269575359,FALSE,FALSE,FALSE,"0","0"
"1454",4249469162,FALSE,FALSE,FALSE,"0","0"
"1455",11190199996,FALSE,FALSE,FALSE,"0","0"
"1456",8536805417,FALSE,TRUE,FALSE,"0","1"
"1457",9401918401,FALSE,FALSE,FALSE,"0","0"
"1458",9750208024,FALSE,FALSE,FALSE,"0","0"
"1459",9440645889,FALSE,FALSE,FALSE,"0","0"
"1460",3567648954,FALSE,FALSE,FALSE,"0","0"
"1461",4343824225,FALSE,FALSE,FALSE,"0","0"
"1462",4140707204,FALSE,FALSE,FALSE,"0","0"
"1463",3776847364,FALSE,FALSE,FALSE,"0","0"
"1464",4495927869,FALSE,FALSE,FALSE,"0","0"
"1465",3768277676,FALSE,FALSE,FALSE,"0","0"
"1466",5657470304,FALSE,FALSE,FALSE,"0","0"
"1467",9400041506,FALSE,FALSE,FALSE,"0","0"
"1468",10648145488,FALSE,FALSE,FALSE,"0","0"
"1469",4455902943,FALSE,FALSE,FALSE,"0","0"
"1470",1119430424,FALSE,TRUE,FALSE,"0","1"
"1471",9244018300,FALSE,FALSE,FALSE,"0","0"
"1472",1247536416,FALSE,TRUE,FALSE,"0","1"
"1473",10648573230,FALSE,FALSE,FALSE,"0","0"
"1474",3894891478,FALSE,FALSE,FALSE,"0","0"
"1475",3945315805,FALSE,FALSE,FALSE,"0","0"
"1476",4077275478,FALSE,FALSE,FALSE,"0","0"
"1477",8316163270,FALSE,FALSE,FALSE,"0","0"
"1478",3345870658,FALSE,TRUE,FALSE,"0","1"
"1479",309959538,FALSE,FALSE,FALSE,"0","0"
"1480",5645221455,FALSE,FALSE,FALSE,"0","0"
"1481",8728116046,FALSE,TRUE,FALSE,"0","1"
"1482",8355317058,FALSE,FALSE,FALSE,"0","0"
"1483",4235464971,FALSE,FALSE,FALSE,"0","0"
"1484",5592511441,FALSE,FALSE,FALSE,"0","0"
"1485",10471145338,FALSE,TRUE,FALSE,"0","1"
"1486",4173476395,FALSE,FALSE,FALSE,"0","0"
"1487",5403900217,FALSE,FALSE,FALSE,"0","0"
"1488",4346294580,FALSE,FALSE,FALSE,"0","0"
"1489",8964003302,FALSE,TRUE,FALSE,"0","1"
"1490",1539612130,FALSE,FALSE,FALSE,"0","0"
"1491",3774375056,FALSE,FALSE,FALSE,"0","0"
"1492",4340522234,FALSE,FALSE,FALSE,"0","0"
"1493",296101279,FALSE,FALSE,FALSE,"0","0"
"1494",3312201503,TRUE,TRUE,FALSE,"1","0"
"1495",9627160919,FALSE,TRUE,FALSE,"1","1"
"1496",4241536185,FALSE,TRUE,FALSE,"1","1"
"1497",4034848504,TRUE,TRUE,FALSE,"1","0"
"1498",9101887018,FALSE,FALSE,TRUE,"1","1"
"1499",4258236435,FALSE,FALSE,FALSE,"1","0"
"1500",4208997097,FALSE,TRUE,TRUE,"1","1"
"1501",4423642204,TRUE,TRUE,FALSE,"1","0"
"1502",4349764840,FALSE,TRUE,FALSE,"1","1"
"1503",4242575998,FALSE,TRUE,FALSE,"1","1"
"1504",4318663989,FALSE,FALSE,FALSE,"1","0"
"1505",4400880142,FALSE,TRUE,FALSE,"1","1"
"1506",4447022493,FALSE,FALSE,FALSE,"1","0"
"1507",9097901377,FALSE,TRUE,TRUE,"1","1"
"1508",4242541184,FALSE,TRUE,FALSE,"1","1"
"1509",4423631053,TRUE,TRUE,FALSE,"1","0"
